artist_id, artist_hotness
ARRT66G1187FB3DDF9, 0.382593000876
AREWYHV1241B9C696D, 0.132946011187
ARRXG5Y1187B9AA016, 0.534429713657
ARSC6WR1187FB40B18, 0.477260389684
AREW7CO1187B9A1B0D, 0.338104009723
ARHWO3N1187B98F196, 0.332755067925
ART6QCS1187FB40CBD, 0.407821564861
AR2KSTE1187FB57A36, 0.475393063442
AR0VR1O1187B9A0F1F, 0.350349304354
AR6YDKV1187B989230, 0.350078578989
ARGUACZ1187FB3F35C, 0.36526089322
ARH8B5X1187FB3B6C0, 0.529039572377
ARZE0AG1187FB5BF61, 0.290393914384
AR37XMN1187B9AC408, 0.402167047517
ARKC83D1187B9AB367, 0.319626775917
ARM1ELZ1187FB49FC1, 0.159349705203
ARWV0Q11187FB4CDCE, 0.349366361109
AR23C041187FB4D534, 0.588649958891
AR0569B1187B9A4036, 0.347511764516
AR7N7MI1187FB46935, 0.517342285953
ARJJKAA1187B9ADAF1, 0.376664105858
AR5ZY7R1187B996302, 0.380109208219
AR3AIEI1187B992D8D, 0.312044455676
ARTTFAQ1187B98E4FA, 0.388939765813
ARC0MTS1187FB44C21, 0.436769069709
AR6EVQA1187B9AA1DF, 0.426009300484
ARTBFV61187FB3C250, 0.438168226182
ARQEPTZ1187FB4CD36, 0.394107804197
ARSW5F51187FB4CFC9, 0.582921576451
AR0RCMP1187FB3F427, 0.384611083962
ARODOO01187FB44F4A, 0.0
ARIZODP1187B9AD272, 0.561830537939
ARCLLH11187FB48DE0, 0.457072953181
ARJFOC01187FB413A5, 0.449668690752
ARGVJPK1187B9909EA, 0.755149913058
ARYLQVR11F50C4EFC2, 0.319103221688
ARNE16X1187B9B2DEE, 0.466784211628
ARCCRTI11F4C845308, 0.337507289166
ARRC2JF1187B9B6A93, 0.300454459812
ARIRCA31187FB58E84, 0.585867596138
ARC39PE1187B9B2C01, 0.236433804741
ARV38Z81187B98E608, 0.391242506015
ARFCUN31187B9AD578, 0.735765692951
AR358YS1187FB44A29, 0.283562595981
ARHNCQ31187B9915DC, 0.40109846477
AR7AYQG1187B994B3F, 0.355155449955
ARMPQIE1187FB3D4EB, 0.393274491405
ARW2DG51187B9A170F, 0.448459767905
ARRESZG1187B9A3FBF, 0.116156134208
ARBB58Y1187B9B621B, 0.333303418273
AR3KXHI1187FB3A8BF, 0.413757657252
AROCBZZ11E2835D652, 0.449052575154
AR3N54Z119B86681C9, 0.154254353587
ARWXHRS1241B9C7A1E, 0.0
ARU9Q5Q1187FB3D6EB, 0.393292711442
ARPKATM1187B9B76E6, 0.546383748198
ARF3PG41187FB4B0B4, 0.320345628833
ARSKDV01187B98A619, 0.299120014474
ARXJSHW1187B9A2A52, 0.353156297467
ARIZLHQ1187B9A18C4, 0.341714730617
ARFWZZD1187FB561F9, 0.332749770049
ARJSGPI1241B9C8855, 0.0
ARUI8651187B9ACF52, 0.481655862412
ARZ1PTN1187B9967D9, 0.414589569693
ARL6FF81187FB5A916, 0.604655128135
ARBB58Y1187B9B621B, 0.333303418273
ARYFXQ21187FB4DAEF, 0.373552391014
ARV7J871187FB4F8B6, 0.226131073262
ARXKRVF11E2835D266, 0.269749925422
ARE9SYU1187B9B9838, 0.40902774457
ARZ1PTN1187B9967D9, 0.414589569693
ARFONSP11F50C4D175, 0.372179877857
ARWSMNZ1269FCD10FC, 0.0
ARI0AB01187B9B7D94, 0.420114180265
AR1DLF21187FB3CBF0, 0.448593802612
ARF3GX71187FB3EB66, 0.628246419191
AR62MPO1187FB46421, 0.478532200457
AR7KA5V1187FB44E6B, 0.362218956815
AR0LVFQ1187B9A84E0, 0.371760895395
AROYTOV1187FB4C7F8, 0.319817386072
ARRUGT71187B98F222, 0.350688006846
ARWQ3W11187FB3F35E, 0.344592816579
ARZVTZN1187FB579D4, 0.462190104591
ARF0W6Z1187B9AC325, 0.572583336395
ARXTM8U1187B99F200, 0.309919339654
ARDGPFY1187B9A371B, 0.417351055803
ARHRKTK1187B99E1D5, 0.419408141119
ARL5BEN1187B98E4D9, 0.519636855546
ARBGVEC1272BA8350B, 0.270408647226
ARCEEC91187B9AC4FB, 0.462367839987
AR1W3MA1187B99E6D8, 0.365302190974
ARJG34V1187FB3AC14, 0.34910011369
ARTAIYM11F50C4E159, 0.324545089445
ARDCFNZ1187FB3DDB0, 0.752927890401
AR1PQYO1187B98BEC9, 0.0
ARE13NK1187FB4CF92, 0.34913960182
ARWJHW61187B98FA8E, 0.417885348963
ARLR9U31187B9A71AD, 0.497050958692
AR3TITY1187B99E790, 0.514206403185
ARSKATF1187B98A622, 0.0
ARHOCKY11E2835D7CB, 0.385878057741
AR4BDNG1187FB44870, 0.464186401696
ARZ4UWR1187FB41898, 0.37498664603
ARWD3OC1187FB3A666, 0.536173552416
AREUUVW1187B99A697, 0.380979549774
ARHPPJK1187B9AC897, 0.511526435079
ARU9KWP1187B98B2A7, 0.349476327198
ARO0R521187B98A2D1, 0.372462979783
ARA8O8L1187B9AD61D, 0.402054896734
ARQ3VBJ1187FB3FE55, 0.412115553459
ARK8EHO1187B9B71D1, 0.393660867924
ARNPPTH1187B9AD429, 0.424940330803
ARG5OIV1187B99329D, 0.252267645942
ARWJEOP1187B996538, 0.353242066495
ARVJVFF1187B9B40D6, 0.461517204498
ARALEAC1187B9902A8, 0.345306908083
ARRJ3UC1187FB579D7, 0.477889303916
ARCEEC91187B9AC4FB, 0.462367839987
ARSCLMG1187FB3CEE4, 0.309474956885
AR00A6H1187FB5402A, 0.395627514317
AR9JNFU1187B9B9868, 0.437464553695
ARSG7NQ1187FB57482, 0.566622887558
ARK2P961187B9AD524, 0.388332649484
ARKOETA1187FB36CAB, 0.287602557018
ARJW7KB1187FB47C36, 0.374365680245
ARRTJ3W1187B993212, 0.378660278264
ARBS1OC1187FB44CAF, 0.872838920624
ARW90Y31187B98FC7C, 0.340632714452
ARVVZ6Q1187B98D05D, 0.434607401264
ARD5SR21187B9B5F4A, 0.432804310302
ARYZQIU1187FB4BBF8, 0.228821848283
AR6OTKA1187B9B6697, 0.402391107929
ARY1QJF1187B98EF3F, 0.385230441866
ARJDR071187B98CBBB, 0.297333407125
ARCP8YG1187B997D72, 0.353124990046
AR05OJD1187B9B99A6, 0.467552020732
ARLNMEP11C8A41519E, 0.456029753701
AR508LN1187B996F4E, 0.414985282439
ARFTMGO1187B9A777A, 0.388112773806
AR2F0FX1187B9A9ECE, 0.350181689714
ARJ9DSA1187B990E00, 0.405234690787
ARLH4CH11C8A4173EC, 0.223887578286
AR5T4YC1187FB5915E, 0.335811920382
AR71A931187B99CDD9, 0.461245798143
ARIMZQZ1187B9AD541, 0.519965479287
AROJVWY1187B9A826C, 0.352620791136
AR4B1LP1187FB55C83, 0.370441154739
ARGAWJY11F50C50904, 0.345284772988
ARNSTES1187FB4FC9B, 0.411364132146
ARMHR011187B9A62B5, 0.349923661324
ARC8CQZ1187B98DECA, 0.643072292611
AR3QRJ91187B98E4C2, 0.454541929151
ARAXU5Z1187B98FECD, 0.605191152965
AR49REC1187B9AFDF4, 0.341259311804
ARJ8YLL1187FB3CA93, 0.309121951625
AR7AE0Q1187B9AE30E, 0.366348438993
AR0OTEX1187FB3600D, 0.351170211722
ARXHWL31187FB476F4, 0.403602007956
ARBYFR71187B99A2A4, 0.341512969062
AR039B11187B9B30D0, 0.517298018026
ARB0WNP1187B9AC4AB, 0.393457111376
ARA2GMZ1187B98CB13, 0.0
ARCT5P61187FB3D950, 0.410247407476
AR3L4P91187FB42189, 0.356984153626
AR4IWYN1187FB47DF6, 0.48229883213
ARGXIE31187FB55B48, 0.496071346624
AR695PK1187B996E35, 0.206020371985
AR6BHP31187FB365E1, 0.349431337925
AR1PQYO1187B98BEC9, 0.0
ARYZGN21187B98D5D6, 0.375206567379
ARM7EDF1187B9B3FA1, 0.71366981958
ARTHKHA1187FB3996A, 0.397467636085
ARMZ4SJ1187FB4657B, 0.307195017828
ARYFHBH1257509D340, 0.357784312397
AR6KNZ01187B9A35D1, 0.405360800465
ARWHVAC123E29C221D, 0.399098557715
ARW4AGO1187FB4F107, 0.282286405633
ARGDLJR1187B98D048, 0.389553387568
ARAGMIV11F4C843F78, 0.216828885986
ARUUP4L1187B9B72EB, 0.363687839827
AR0ILWV1187FB47CAA, 0.469055975744
AR4C6V01187FB3BAF4, 0.49982631354
ARS1DCR1187B9A4A56, 0.289902931609
AR9JLBU1187B9AAEC4, 0.409778997763
ARYXOV81187B99831D, 0.509243098679
ARQ91R31187FB38A88, 0.331534751415
ARDK0551187FB5AC48, 0.401144741478
ARI4S0E1187B9B06C0, 0.430942043436
ARJGQJD1187B997A00, 0.511576782928
AROIHOI122988FEB8E, 0.0490343808485
ARMATAK1264D13AC27, 0.220210450092
AR9UT8H1187B9AF504, 0.311097049524
ARH9HS41187FB5BC6F, 0.548228209192
ARFILWJ1187B9ADDBF, 0.257062920296
ARZL6CE1187FB3F264, 0.431882756338
ARKZXSQ1187B9AC9F3, 0.57629465114
ARLQ5EV1187FB4491D, 0.372298572947
ARKZNO81187FB37FBA, 0.300734603902
AR5S26K1187B9A3141, 0.315025710379
ARDNMNC11F4C842FDE, 0.294037482967
ARD3LXU1187B9ABFC5, 0.549204383877
ARJ8PZJ1187B99314F, 0.500459150659
AR9ST641187B99B4DE, 0.369076870549
AR9YWMS1187FB43A34, 0.551552455156
ARAEX7Y1187FB42D36, 0.555968803752
ARJEFGV1241B9C6F79, 0.30848609912
ARNVM131187B990D2B, 0.428834536217
ARDDYFH11F4C83DD58, 0.265094449024
AROLZEM1187B9A805E, 0.358845025164
AR0CDSK1187FB52ED6, 0.461023015726
ARWIMT21187B9B5AEC, 0.364586575409
ARSHZBZ1187B98A445, 0.511054353898
ARQSZLT124207825BA, 0.262655890714
AR0VS771187B99564F, 0.195531828375
AR41ESB1187FB360B1, 0.441537878477
ARDG9Z71187B997023, 0.41551708286
AR7GOK91187FB455F5, 0.449253876948
ARJANQY1187B9A82F7, 0.347749559012
ARQFPFK1187FB533E1, 0.416435183585
ARBEOHF1187B9B044D, 0.655283798415
AR8U8G41187B9A833B, 0.301847094811
ARBH0MS1187FB36311, 0.353034055775
AR2PNSZ1187B9AF0A4, 0.256350362904
ARPKMIM1187FB397DE, 0.33840024807
ARJG2ID1187B9A767E, 0.547746274612
ARP7ILI1187B9AE9F7, 0.5423950935
AREWQSE1187B9AEC6C, 0.311437640327
ARD8JVH1187FB4DA04, 0.48210001892
ARKRRTF1187B9984DA, 0.343428378297
AR0CANF1187B9AF35F, 0.457841156094
ARKJ8Y91187B9B551E, 0.308787656304
ARB0WNP1187B9AC4AB, 0.393457111376
ARW9LQ31187FB4336D, 0.518399161656
AR5TQ1T1187FB59492, 0.383229026192
ARVG4OK1187B9B6BD3, 0.82890630154
AR5ZJLK1187B9B3A8E, 0.287370034592
ARNLHY61187FB3A0C0, 0.422587660736
ARHUIGM1187B9A5932, 0.36741233742
ARR2BHS1187B9B8FA7, 0.383557469777
AR93WAA1187FB42116, 0.476803353534
AR82DJK1187B991107, 0.511130465201
ARLLUSZ1187B98ACDC, 0.0
ARCQCYR1187B99367F, 0.399741667461
AREGV3K1187B9AF614, 0.501360613331
ARASWKT1187B9923B7, 0.291699079937
AR576O51187B990C30, 0.354602925877
ARPJMMD1187FB4BD47, 0.119887621739
ARMYKRB1187B98CFF0, 0.401992540093
AR9FEO71187FB5981F, 0.0
AR12P091187B99B50F, 0.238292807942
ARJFDKM1269FB35F40, 0.198800845159
ARCID1N1187FB51DA0, 0.384986116578
ARCZ42S1187B98C0D7, 0.399639490172
ARDG9I21187FB35FF3, 0.347217815647
AR1Y2PT1187FB5B9CE, 0.452789476752
ARIYZFT1187FB5393E, 0.366704619994
AR31BYO1187FB5336C, 0.346219919566
ARRH63Y1187FB47783, 1.08250255673
AROENEQ11F4C8451B1, 0.0
ARXW2MN1187B9B8817, 0.416935871661
AR3N2H11187B98AFBA, 0.324334204809
ARYN8YT1187FB38396, 0.377472507312
ARY8LJ11187FB4019B, 0.408861719526
ARBSAVH1241B9CA637, 0.0
ARFRR9R1187B98A987, 0.0
ARNLE621187B98ECB5, 0.646207352339
ARPGYM11187FB4B1E1, 0.380494621129
AR08YJF1187B9B2D59, 0.313112031835
AR7N7MI1187FB46935, 0.517342285953
AR6C6VO1187FB4E267, 0.36982344722
ARD4LQ61187FB470F1, 0.350928270977
ARW2Y3Q1187FB38020, 0.367464833037
AR1DLF21187FB3CBF0, 0.448593802612
AR97V5X1187FB4AE98, 0.409729378789
AR243ZT1187B9A98D2, 0.368689372548
ARHG53Q1187B9ACBFC, 0.423021921575
ARRSIQ11187B98F216, 0.392747310803
AR6BYC41187B996DD0, 0.287260193798
ARS6HDE1187B99CA29, 0.364975595396
ARTZMXB1187B990A55, 0.319651458692
ARPMJGA11F4C83BDFE, 0.277753672346
AROGAPH1187B98CF9C, 0.373060492812
ARX2DLI1187FB4DD03, 0.524449470713
ARTZ90C1187FB55D81, 0.499018398415
ARDE7I31187FB43352, 0.34517431864
ARQEPTZ1187FB4CD36, 0.394107804197
ARANOZN1187B9B373E, 0.476559378978
AR1JD6E1187FB5696C, 0.38065635953
ARYJQMV1257509E6B0, 0.330039785974
AR6G4V01187B9AD086, 0.552413345517
AROATPL1187FB48E12, 0.45339908329
ARJ7BVZ1187B9A845F, 0.371935265104
ARLTWXK1187FB5A3F8, 0.36682078764
ARW9QSZ1187FB4B93E, 0.541602502515
AR8B7SK1187FB5322E, 0.566138398011
ARGNGRI11E2835D567, 0.316692161547
AR0JPOG1187FB37383, 0.512197243011
AR3THYK1187B999F1F, 0.458738221226
ARWDGQW1269FCCF0F6, 0.0
ARJVTRE1187B9959C0, 0.496123346043
ARVUQIC1187B9A7C66, 0.354369615807
ARL6AH81187FB3B12A, 0.343772476084
AR0569B1187B9A4036, 0.347511764516
AR8ZQ9T1187FB56FE5, 0.522277897419
ARWI6LR1187FB46E9F, 0.423356106094
ARN7OQ21187FB5A6B3, 0.368054038751
ARP07GD1187B9B9DA4, 0.440835006713
ARXSABJ1187FB3C336, 0.60172975571
AR0KBXO1187B996460, 0.598555411894
AR6TZJQ1187B9AD572, 0.400107709799
ARX134S1187FB46E56, 0.468462556779
AR6HLKR1187B9A735A, 0.343026179141
AR323JD1187FB483D0, 0.341265841356
AR7GOK91187FB455F5, 0.449253876948
ARNLHY61187FB3A0C0, 0.440609826278
AR97EHA1187B98AD5F, 0.351345077093
ARQHLIO1187B98AA6A, 0.38623768284
ARC8CQZ1187B98DECA, 0.694128502959
ARTUXSS1187FB4BD20, 0.250227326471
ARPISA41187FB3DE42, 0.402495879987
ARS2KW51187B9B556E, 0.410743577532
ARLLRL61187B9B6698, 0.449608088309
ARR035B1187B99EF11, 0.336124425151
ARJJPQP1241B9CA062, 0.0
ARPEUYM1187FB4A97A, 0.371302546517
ARRH2S81187B98C8AA, 0.446071584412
ARVXKTV1187FB44139, 0.45495739482
ARYFAT91187B99FEF5, 0.405672135972
ARYC4561187FB4F2B1, 0.436971931272
ARXK4YK1187FB4D0C4, 0.417068912495
ARYB42B1187FB37B01, 0.271250596262
ARSL3N21187B98DFC5, 0.469340374259
ARP32X81187B99EBF5, 0.408646827377
AR6DGPH1187B998587, 0.248024686921
ARAIABB1187B9AC6E2, 0.58001318294
ARS4KT21187B9B9438, 0.458730806359
AR14CJ91187FB3A994, 0.397775654323
ARBEOHF1187B9B044D, 0.665576619159
ARKEBNJ126E2B3BF7E, 0.0
ARXLOGT1187FB45068, 0.3863121306
ARHOCA51187FB39213, 0.258275615953
ARNZPLV1187FB3DF5D, 0.410053622676
AR4R9BI1187FB44767, 0.462963987212
ARSQDUN1187B98D7D7, 0.453850265331
AR9SU0S1187FB53D0F, 0.495729358946
ARQCHDN1187FB4C7C2, 0.347547580526
ARGGEGH11F4C83C076, 0.256803368795
ARJJ8I01187FB4CE98, 0.293827445166
AR8IXB41187B9A4EED, 0.341082182452
ARB0WNP1187B9AC4AB, 0.393457111376
ARB054P1187B9AD32E, 0.627765134777
ARFONSP11F50C4D175, 0.372179877857
ARZ5LST1187FB5BF3D, 0.375711653459
ARN5W1B1187B98BE10, 0.413237883925
ARY55LO1187B9A3F17, 0.556477414707
ARQQP3Z1187FB5707B, 0.39950004592
ARG2UZ71187FB4FF5C, 0.37206162812
ARJRRJZ11F50C47E95, 0.407364773711
AR0O3AV1187FB4D030, 0.504307725982
ARVUN5F1187FB4CCC7, 0.481339308574
ARN4IYF1187FB49D76, 0.350803574069
ARMD6JB1187FB3B0E7, 0.517259283138
ARRZNPS124207806FA, 0.0
ARPBOCU11F50C4B49B, 0.0
ARJIE2Y1187B994AB7, 0.320086926752
ARW63KF1187B98AC48, 0.364384924468
ARGBGC71187FB3DD0B, 0.302855419522
ARLT4N91187FB533DB, 0.387146501652
ARNVH8S1187FB52F86, 0.363668110245
ARLQ5EV1187FB4491D, 0.372298572947
AR06EB01187FB40150, 0.554291489013
ARGC7FQ1187FB409CC, 0.304547713372
ARHY3JM1187B9B9DFB, 0.346704391851
ARLUF1T1187FB3603B, 0.545571961211
ARYJ6RP1187B9B3827, 0.4174104669
ARR575U1187B98FB97, 0.380679873613
ARCII0J1187FB3A1B4, 0.375652824002
ARLZ0521187B98B2E3, 0.330119713557
AR1N6N61187FB4E25E, 0.360053306539
ARLMCCW1241B9CE7CB, 0.252080527206
ARDEC2A1187B9A460E, 0.476760867098
ARW071B1187B9A603C, 0.46084348259
ARR3ONV1187B9A2F59, 0.750426551019
ARK8F3K1187FB4F002, 0.343771945118
ARWC1WN1187FB516CE, 0.500946375671
AR6DGPH1187B998587, 0.248024686921
ARUBDQW1187B98D775, 0.372314995978
ARONPP01187B995FB5, 0.42865098879
ARDIKTV11F43A69FA4, 0.414196481407
ARR46IW1187FB51C2E, 0.435808284864
ARRJ3UC1187FB579D7, 0.477889303916
ARXG6L11187FB5695E, 0.380756415573
ARQCFI11187FB5AE43, 0.463673869444
ARMOHN71187FB3959F, 0.592439485528
AR8ACFK1187B9B4063, 0.31350075537
ARYAEI81187FB3822D, 0.348230026723
ARVQZNK11E2835CDAC, 0.417124583719
ARMR44C1187FB433D2, 0.40650824852
ARIRAVN11F4C842412, 0.241545818363
ARN0DMU1187FB5B63A, 0.496381145682
AR6EVQA1187B9AA1DF, 0.426009300484
ARTWPGO1187FB52DC3, 0.45918919468
AR82GTS1187FB5662F, 0.376556981046
AR9YI7H1187B9960E3, 0.395352792495
ARSX72J1187FB3740D, 0.328826085166
AROLZEM1187B9A805E, 0.358845025164
ARMB95F1187B9B5B93, 0.515325300572
ARH3TXI1187FB3A486, 0.365822369137
ARJA5XT1187B9B89AA, 0.415897128457
ARYIQQN1187FB55196, 0.403032205297
ARV2X851187FB41A78, 0.377828215446
ARAPI451187B9B6E6F, 0.439488099062
AR2MEUK1187B992D1B, 0.407344288039
AR7KA5V1187FB44E6B, 0.362218956815
AR19QNR1187B9A13C5, 0.434922645312
AR2MEUK1187B992D1B, 0.407344288039
AR5GLIU1187FB4638A, 0.350787890875
AR1ZKBE1187FB53629, 0.520412110054
ARXOKNT1187B9AA521, 0.399265149721
AR0WAW61187B98B7D7, 0.37273761334
ARC3WPR1187B9A183E, 0.284260942742
ARE0OLY1187B9AD19F, 0.458592024908
AR3J4WZ1187B9B17ED, 0.399579658168
ARXUCPO12086C169A4, 0.447199722004
ARZ5T871187B9A03F3, 0.387350751072
ARZVZRN1241B9C4B14, 0.225860544453
ARE04K31187B98C74F, 0.255666333865
ARJ5FD21187FB43F12, 0.520784106942
ARAWNNA1241B9C726F, 0.324880871878
ARBAGAS11F4C8461F0, 0.268922789535
ARYO9BU1187B9ADA88, 0.507965802159
ARWQ2DR1187B98FF28, 0.38556752316
ARFSPOV1187B9B2363, 0.531213286805
ARIT8YH1187FB43F30, 0.383210968792
ARM2D2V1187B9AEB4F, 0.32271785576
AR26X1C1187B9B0A1B, 0.493711076643
ARAXU5Z1187B98FECD, 0.645872310613
ARCVMYS12454A51E6E, 0.24913722954
AROW3XO1187B989E72, 0.335322129929
ARKQ6QN1187B9B016D, 0.438779160645
ARID33C1187FB4610A, 0.348665340171
ARDR4AC1187FB371A1, 0.391370587218
AR22KLC1187B98E812, 0.37922806909
ARZEJOT126E2B406FD, 0.384773541389
ARVQTZP1187FB40283, 0.389029365984
AR5K96N11C8A421849, 0.0
ARMPRI31187FB4F7D9, 0.473700501297
AR4CH531187FB4EA21, 0.40880107252
AR0WGXC1187B9AAC99, 0.425450613864
AR6W9T51187B9A8B8E, 0.279642625277
ARP4FAI1187FB3E49E, 0.0
AR5MSL51187FB52E11, 0.0
AR5RVV91187B9A4238, 0.192349694681
ARC1CJB1187B99FCA4, 0.376325960229
ARMJAGH1187FB546F3, 0.417499644971
ARMH10M1187FB4184F, 0.43497603179
ARE2BVT1187B9AC9A2, 0.292801539123
ARAKARO1187B9A1EB6, 0.545730700114
ARGAHPJ11F4C83E988, 0.347104737833
ARELVCU1187B98F3E5, 0.298448311438
ARW0Z9V1187B9A0699, 0.465492356244
AREPD8D1187FB3F5BC, 0.509878707853
ARO6WZY1187FB3A86E, 0.31178940576
ARWADDH1187B98FDBB, 0.310317337238
AR1KMPF1187B99AA98, 0.306947608643
AR6IJJ41187B98C872, 0.426851853236
ARQ91R31187FB38A88, 0.331534751415
ARH312K1187FB3F1D4, 0.460875113449
ARY4M3J1187B9AC94C, 0.341288723301
ARH8HRR1187FB5CBE8, 0.367071449289
ARQFPCY1187FB552CE, 0.38110649168
ARZQSNO1187FB5BBAB, 0.364258870671
AR8V1WA1187B9AD9E9, 0.653897217428
ARVQZNK11E2835CDAC, 0.417124583719
ARA3O2C1187B989063, 0.349776345456
AR059HI1187B9A14D7, 0.306518600038
ARET4E31187B99E0A7, 0.0
ARM6HLK1187FB427F0, 0.55101644296
ARNLO5S1187B9B80CC, 0.579988982429
ARVML4B1187FB52324, 0.397179042592
AR0FGL21187FB56301, 0.3405238268
AR7UBXR1187B9AA0FB, 0.397850323147
AR9696A1187FB550A1, 0.0899987243463
ARY53RR1187B9AE485, 0.598596744615
ARTVBNL1187FB52DF3, 0.324624481574
AR1RHCO1187B9AF0BF, 0.414892612437
AR5ZI3K1187FB38BE0, 0.290434188224
ARHXIOW1187FB3AF67, 0.437050557523
ARHRY5S1187B99B96F, 0.560819769262
ARCDXI51187FB57A2E, 0.444935182412
ARKETDZ1187B9B2566, 0.41650394637
ARU81FP1187B98C71E, 0.337858763989
AR9XDAA1187B99768F, 0.351561406961
ARZ02US1187FB430BD, 0.370915143822
ARSF4161187B9B449F, 0.353000688284
ARAMB6Q1187B99DE68, 0.386638122894
ARL6XZC1187FB3936E, 0.317810959812
AR813LR1187FB3F83A, 0.442285782391
ARW1WST1187FB384DA, 0.417846147714
AR1W3MA1187B99E6D8, 0.365302190974
AR9JLBU1187B9AAEC4, 0.409778997763
AR0WQ1Q1187B992E16, 0.30678401697
AREJ5K11187B993F5F, 0.376939984442
ARCHKD91187B9A0A42, 0.533885536481
ARIGAOX1187B9B21C8, 0.348755667902
AR126G61187B9B88A6, 0.342537003163
ARMSL551187FB3F4B0, 0.451219236891
ARL635X1187B990092, 0.520049688179
ARIEIJW1187B98F6DD, 0.406198747834
ARTE9CG1187B99B1AF, 0.50881319501
ARMBDNQ1187FB3F3EC, 0.266229539913
AR9JNFU1187B9B9868, 0.437464553695
ARJRF841187B9B7F9A, 0.355491136025
AR2HXXS1187B9AF3E2, 0.420627401336
ARVADXJ1187B99AA96, 0.443847738792
ARHCERP1187B9912A5, 0.301246881416
ARE8GLF1187FB52532, 0.57620196628
ARBM57Q1187B9AF97C, 0.491828704353
AROBQ0B1187FB404F6, 0.316155987397
ARU3YYC1187FB43FEE, 0.439843854133
ARIPLUN1187B99B9F9, 0.642655961125
ARDGPFY1187B9A371B, 0.417351055803
ARW9DSD1187B9A0345, 0.372356587534
ARZBYDY1187FB46DD7, 0.343844499414
ARXOKNT1187B9AA521, 0.399265149721
ARMAC4T1187FB3FA4C, 0.541888972034
ARBKMHZ11F4C843491, 0.0
ARZJ4MI1187B9AF5AF, 0.553168863584
ARIVGZI11E2835F1FC, 0.433721034075
ARZDYBC1187B9A3142, 0.190346162352
ARJ5FD21187FB43F12, 0.520784106942
ARDIBRT1187B9AF176, 0.63441238493
ARUVPZF1187FB4880D, 0.391342451875
ARBJC9U1187B9A70AC, 0.322125889014
ARRJ3UC1187FB579D7, 0.477889303916
ARH6W4X1187B99274F, 0.675887011418
AR7S6JV11A348F0C69, 0.323984054498
AR1VCLT1187FB4C8AC, 0.350628946897
ARNZ70R1187B9A4824, 0.622208960129
AR9OLFX1187B9A5762, 0.379960766975
ARTQ6AP1187B998A84, 0.321854069157
ARHHEXT1269FCCF474, 0.31876265849
ARR46IW1187FB51C2E, 0.435808284864
ARW1MUW1187FB4D5A1, 0.642982219877
ARWTFKF1241B9C68DC, 0.0
ARVZWQ31187B9B8946, 0.4204126176
ARVMFE61187B992463, 0.406581680352
ARDE7I31187FB43352, 0.34517431864
ARVBG53119B8668924, 0.408424888419
ARAKARO1187B9A1EB6, 0.545730700114
ARRXPRY1187B9A8B34, 0.366527801955
ARI945I1187FB4CC22, 0.28744675323
ARFNJ4O1187B9A204B, 0.467885511383
AR9YWMS1187FB43A34, 0.551552455156
ARQX3GF1187FB4F18B, 0.338104616266
ARILV5E1187B9959C8, 0.365339652714
AR23EC41187FB4805D, 0.291883421788
ARDK87R1187B98D51C, 0.437001918653
ARBCUNV1187B98A9FB, 0.539644312424
AR3O66A1187FB39519, 0.40565775815
ARQMYTM1187FB4678C, 0.351022620795
AR0S0EO1187FB490BE, 0.37567692935
AR80RBU1187FB3757D, 0.272471255916
ARPBTRI1187FB52457, 0.599859524967
ARPNY981187B9ACB75, 0.529258741347
ARBQ5TQ1187B992B8A, 0.359260264118
ARHINI31187B995C1D, 0.326008873279
ARU9KWP1187B98B2A7, 0.349476327198
ARSCJQW1187B9B3523, 0.416610107223
ARC3JTL1187FB4A1CE, 0.309691009018
ARQ0BG21187B99ED8F, 0.298227560891
AR7GOK91187FB455F5, 0.449253876948
ARH0NCL1187B99B41A, 0.409244638616
ARE36MM1187B991E50, 0.3828469015
ARUZLXZ1187FB3BFF1, 0.454362624156
ARGUNFT1187FB3B140, 0.415824885704
AR0QS8F1187B9ADC96, 0.354168954829
AR5OB9M1187FB52F29, 0.516764030267
AR0XSOO1187B9B9E88, 0.528795206131
ARTHEAP122BCFCD0B2, 0.281284215549
ARZ8S071187B993849, 0.238696350098
ARBFDJW1187B9AD27A, 0.429353514999
ARY80281187FB3E380, 0.405031297936
ARXOKNT1187B9AA521, 0.399265149721
ARS10A81187B9B6E16, 0.394921730676
ARTAFV91187B9BA17C, 0.576196569698
ARTML781187B9AF080, 0.300765786126
ARJ1AMB1187FB40661, 0.372621501678
ARE9Y761187B98AEB6, 0.408707110444
ARCVT0G1187B99238E, 0.236275415869
ARWSISA1187B9AAC01, 0.358500777583
AR41O131187FB51448, 0.458400493994
ARKL75U1187FB5B8B6, 0.405967369202
ARMSL551187FB3F4B0, 0.451219236891
ARUYGJ31187B9A2FEA, 0.395053039493
ARU5CP31187FB44C3A, 0.284126948989
ARTWWNA1187B9B3BD7, 0.348215007834
ARETCTY1187FB4C033, 0.394127576608
ARTMM411187FB56FD0, 0.237472552499
AROMB601187B991317, 0.321713203693
AR3752L1187FB4B67E, 0.344871922171
ARQC4R31187B9A0D88, 0.320850129554
ARBUOMY1187B99F2EB, 0.452229939619
ARQSZLT124207825BA, 0.262655890714
ARQC4R31187B9A0D88, 0.320850129554
ARXZP9T1187FB4565D, 0.284824355792
ARYOBYD1241B9C87F8, 0.0
ARZP2M21187FB59C63, 0.31216924156
AR7Y6JX1187FB4D9B3, 0.555414575816
ARSEC9Q1187B98912D, 0.44086755723
ARBMHBC11F4C8403A2, 0.365514003263
ARCRR5X1187FB3BD4A, 0.374531255441
ARDOZIV11F4C83DD59, 0.257213089432
ARK8OHG1187B99016A, 0.455558796993
ARGBGC71187FB3DD0B, 0.302855419522
ARVEXQ51187B9B8237, 0.329333418867
AROLDZG1187FB50AFB, 0.45686542035
ARQ9BO41187FB5CF1F, 0.387635477706
AR8M6LC1187B998D48, 0.39425271504
ARDBSFT1187B9AC9C1, 0.532266186253
ARA1UU51187FB5A70B, 0.550991009241
ARF1LT21187B989EEB, 0.331566220383
ARC6UC81187B989062, 0.453435791193
AR4B3RX1187B9A868A, 0.560380805158
ARMSL551187FB3F4B0, 0.451219236891
AR557N41187FB3E67F, 0.493814429696
AR6PJ8R1187FB5AD70, 0.717209854567
ARRJ3UC1187FB579D7, 0.477889303916
ARS0W831187B9AF0B7, 0.435684070209
AR93RTI1187B98ECFB, 0.332389870281
ARNQESK11F4C83FD6F, 0.28552323045
ARBMHBC11F4C8403A2, 0.365514003263
AROCBZZ11E2835D652, 0.449052575154
ARBPRTL11F4C83CB05, 0.402835786586
ARVEJ9M1187FB4DC44, 0.437964733142
AR2FAMK1187FB4CF60, 0.554938522475
ARNNQBT1187FB437C1, 0.4730831924
ARGNQED1241B9C4237, 0.274816275588
AR4PQ891187FB5CA9F, 0.480575192777
ARN2ZKL1187FB3972B, 0.488536125402
AR3LA671187FB567E4, 0.399684013702
ARPBNLO1187FB3D52F, 0.40489733548
ARUI8FT1187FB5AB13, 0.335770041745
AREB22L1187B9A4BCE, 0.34137626763
ARNUPIM11F4C83BD4D, 0.413885097666
AR6AGJV1187FB504BA, 0.459387424613
ARUPH8D1187B9A6046, 0.318911238285
ARXKPYC11E2835E356, 0.348650309552
AROPBVQ1187FB36581, 0.376018761952
ARYNX5Z1187B999686, 0.375496964072
ARCT5P61187FB3D950, 0.410247407476
AR7C6G11187B9B4C1E, 0.56091265733
AR2MEUK1187B992D1B, 0.407344288039
AREBWEH1187B99EA9A, 0.427479241459
AREPD8D1187FB3F5BC, 0.509878707853
ARHTV1S1187FB547F8, 0.285591271518
ARSX6IX1187B9B640C, 0.496508118721
ARNLO5S1187B9B80CC, 0.579988982429
ARE8GLF1187FB52532, 0.576903815588
ARR9LP21187B9BA390, 0.0
ARF5M7Q1187FB501E8, 0.84338027443
AR5BBK81187B990027, 0.51919870209
AR553M51187B98BCE7, 0.325018376371
AR8K6F31187B99C2BC, 0.348609959293
ARWBL9E1187FB4E695, 0.397493834986
AR280881187B98BA28, 0.347098105121
AR6IRG41187B9A4D98, 0.334577360119
ARNVCZC1187B9934F5, 0.398862597257
AREKO1L1187B997EFE, 0.513339195848
AR56P361187B9AC4DB, 0.467110648585
ARGDY4Y1187B9A334F, 0.35850092274
ARPNQ6G1187FB3E286, 0.365889901675
AR7N7MI1187FB46935, 0.517342285953
AR5AXVN1187B9A2761, 0.301947212693
AR12F2S1187FB56EEF, 0.610731462904
ARSS1OZ1187FB54440, 0.282402199352
AR59C6A1187B9B2143, 0.351449540734
ARLLANI1187FB5116F, 0.2076758378
ARABFU01187FB46712, 0.314428180796
ARYDFJA1241B9CBFF2, 0.14519082979
ARG274E1187FB4BCA8, 0.36211600622
AR2SMD91187B9B0582, 0.475941289598
AR0Q5531187FB45143, 0.287667941172
ARRVUWA1187B9A0FE2, 0.332930951194
AR8AZTM1187FB3FB9C, 0.29874306476
ARMB95F1187B9B5B93, 0.515325300572
AR109IQ1187B98E487, 0.375977654484
ARDVZTE1187FB5A0A1, 0.776303263519
ARDK6QW1187B9B8D85, 0.434696912797
ARSYHZ21187B99F5F5, 0.380004667155
ARM4WGN1187FB3C746, 0.414631368509
AR3DYAD1187FB3964E, 0.414578836544
AROLMXS1241B9C6915, 0.313866600157
ARXAFO11187B9AEBFE, 0.414656344066
AR2C9UQ1187B98E69F, 0.252333655842
ARU3YYC1187FB43FEE, 0.439843854133
ARTZMXB1187B990A55, 0.319651458692
ARPVRUC1187FB4F1DE, 0.429513639801
ARZ7IH41187FB3B8F5, 0.370456130043
ARRI5MR1187FB47CAB, 0.460515741701
ARFCOGY1187FB454B4, 0.344198187483
ARGNZOL1187FB5CE7C, 0.439880512826
ARSFK241187B9BA38E, 0.429591920025
ARFELOH1187B991F95, 0.34276521913
ARNVM131187B990D2B, 0.428834536217
AR2MD2P1187FB5B328, 0.40325046567
AR3793X1187FB50CB3, 0.500691340913
ARCDRLI1187FB54D58, 0.434476562805
AREJ5K11187B993F5F, 0.376939984442
ARK3PWH1187B9A441D, 0.546745176247
AR8WHEJ1187B98CDCA, 0.343508877692
AR2XI6G1187B9AE7DA, 0.572027853681
ARWJAQ81187FB46F73, 0.475834302149
AR02DB61187B9A0B5E, 0.336391304055
ARBCUNV1187B98A9FB, 0.539644312424
ARB5TJM1187B9A71FD, 0.429097811994
AREXX3T1187B989950, 0.320306496987
ARW63KF1187B98AC48, 0.364384924468
AR7G5I41187FB4CE6C, 0.454231156571
ARXLX5L1187FB47BED, 0.34219231046
ARPVRUC1187FB4F1DE, 0.429513639801
ARVEJ9M1187FB4DC44, 0.437964733142
ARPAAHK1187B9ABB00, 0.779968004597
AR7ISJJ1187B9B2CD6, 0.435252323542
ARNTQF31187B9A02FF, 0.429272534163
AR19QNR1187B9A13C5, 0.434922645312
ARXUT4W1187FB48BEB, 0.38265197114
ARN2M4711C8A423BD6, 0.313119744436
AR3SEQM1187B98E9E8, 0.423563890263
ART3O5Z1187B9AB043, 0.544257505725
ARH4H1W1187FB53A2E, 0.307323983524
ARWBYIR11F4C83B3FE, 0.0
ARHOSMU1242078130D, 0.379294935318
AR813LR1187FB3F83A, 0.442285782391
AROGHQQ1187B9890E3, 0.0
AR07HWO1187B9A2189, 0.0
ARUKN9H1187B9B71C8, 0.536400010793
AR4R0741187FB39AF2, 0.413261378295
ARGWLJT12086C14A09, 0.0
ARCEEC91187B9AC4FB, 0.462367839987
ARC70XM1187FB4D5B0, 0.468604580569
ARW9FP41187B98C2A7, 0.621085212055
ARCDXI51187FB57A2E, 0.444935182412
ARVCNOU1187FB4C6F0, 0.384730303376
ARXTUHV1187B99268F, 0.27343951066
ARUFRGT1187B98ED43, 0.383849057986
ARXGVSB11F4C842CF3, 0.0
ARMAEYS1187B990F2F, 0.317624546034
ARFZSPU1187B9B5BA9, 0.366905852789
AR0A30G1187B9B183B, 0.41977664523
ARZ7IH41187FB3B8F5, 0.378807129664
ARKO7AO1187FB5664B, 0.36947051062
ARZLCTV1241B9C4D46, 0.288726536783
AREXM411187FB560C4, 0.376958356163
ARRR7RO1187B98A6EC, 0.377800189166
ARJSPWK12454A4CB28, 0.0
ARNLY0W11C8A42C7E5, 0.0
ARLD4VD1187FB39009, 0.425454580064
AR93K7R1187B9AC92A, 0.392325282528
ARNTTHK1187B98FF64, 0.400387756597
ARCYQ1P1187FB3F3CA, 0.323017196688
AR10USD1187B99F3F1, 0.605507135691
AR77B521187FB4CC70, 0.317845056011
ARW071B1187B9A603C, 0.46084348259
ARY5TFK1187B9BA2BD, 0.426513686653
ARSENJW1187B9B053E, 0.344757911508
ARRZNBD122C867517B, 0.0
ARHR5BC1187B9AC348, 0.497197396052
ARWJHW61187B98FA8E, 0.417885348963
ART094K1187B9A08D0, 0.183540433284
ARHXWB01187B9A205C, 0.301570181792
ARCZGEP122988F4890, 0.252838291648
AR7BHGD1187FB4E15F, 0.296426618229
AR9JJ761187B9AF496, 0.365420274738
ARH6W4X1187B99274F, 0.604666876351
ARBHPBX1187FB47102, 0.346781041891
AR03BDP1187FB5B324, 0.631289507585
AR5OH2Z1187B9A46A9, 0.573554543514
AR0RCMP1187FB3F427, 0.384611083962
ARHRY5S1187B99B96F, 0.560819769262
ARABTW91187FB3A73B, 0.345717931852
AROVY9L1187FB3A97C, 0.322142621846
ARNP42K1187B9AB7DF, 0.0
ARR8AIK1187B9A0BCE, 0.349409350734
ARKMIBT11F4C8430D9, 0.466946703147
AR5MK521187B98E0B8, 0.46155845196
ARX9YIP1187B98A656, 0.606630151729
ARWK5QH1187B9A9B7F, 0.583530838294
ARCZ20M1187FB49687, 0.403509673363
AR1E4V11187B99F400, 0.427795698896
AR0WLH6119B8669027, 0.693524720237
AR51YM81187B9B536C, 0.318024619795
ARI3W3K1187FB49E6F, 0.373621212395
ARHJJ771187FB5B581, 0.338129864282
ARO0QD41187FB3AB0A, 0.472281210651
AR5TQ1T1187FB59492, 0.383229026192
AR05IU31187B9B9A1A, 0.292662773044
AR85QTQ11A348EFF96, 0.440670096494
ARY2ZUX1187B9A266C, 0.396963183629
ARSYHZ21187B99F5F5, 0.380004667155
AREYIHC1187B99CE0B, 0.339408486355
ARS8DXZ1187B998AA3, 0.371960266493
ARNVM131187B990D2B, 0.428834536217
AR76DOS1187FB5AE78, 0.414236247722
ARQI60P1187FB464C9, 0.46549967912
ARMBDNQ1187FB3F3EC, 0.266229539913
ARLNMEP11C8A41519E, 0.456029753701
AR4EVIX1187B993DE9, 0.366713431626
ARGBR4I1187B99D073, 0.476389108826
ARTP2PK1187B98FECA, 0.320520135114
ARFNXFR1187B98F6C1, 0.234488654454
ARMRQFC1269FCD2C40, 0.372415888186
ARQOATR1187B9AE959, 0.535163042124
ARD7TVE1187B99BFB1, 0.401997543364
ARD1XMG1187FB41229, 0.32780754873
ARIJ7MR1187B9B484E, 0.304184256208
AR4AR1R1187B98E76F, 0.337387579886
AR8AZTM1187FB3FB9C, 0.29874306476
ARAK3HK1187FB51B38, 0.337199373103
AR1LQNB1187B9A6AE5, 0.305719059845
AROVSYC119B3403921, 0.277789967207
ARSYKGV1187B9A49CD, 0.439024561207
ARZ78EG1187FB4638E, 0.279483127122
ARD4C1I1187FB4B0C3, 0.638906376718
ARSZIBW1187B994053, 0.445321878275
AROSW2I1187FB44866, 0.365026437742
AR1WU211187FB57E2B, 0.409762630954
AR0X3JJ1187FB3A9A7, 0.37943697224
AR8WVQY1187FB3FA10, 0.371449824866
ARWKLB91187B992270, 0.252207781993
ARF9HO21187B9A0D81, 0.0
AR11NP91187B9901B4, 0.37225120793
ARNEL2O1187FB4421A, 0.424487598725
AR77B521187FB4CC70, 0.317845056011
ARKR75V1187FB3D4D5, 0.76607616442
AR91BST1187B98F9A8, 0.299558175898
AR6HEHH1187B9985F9, 0.298946784378
ARYKFVV1187FB3CA6B, 0.244532205339
AR03BDP1187FB5B324, 0.607257279581
ARE2QID1187B98FA19, 0.353035740145
ARIF3EV1187B9B8522, 0.429261029065
AR1XE381187FB4C685, 0.377961532317
ARZ1PTN1187B9967D9, 0.414589569693
ARR6LWJ1187FB44C8B, 0.623835200923
AR0KBXO1187B996460, 0.598555411894
ARPAAHK1187B9ABB00, 0.779968004597
ARLXFDN11F4C8417F8, 0.292094197339
ARF3FRP1187B9A77BF, 0.295967984047
ARQMYTM1187FB4678C, 0.351022620795
ARH3TXI1187FB3A486, 0.365822369137
ARZO73F1187FB4BF23, 0.383845367255
ARNHJHU1187B98F79C, 0.353364767023
AR4CG3B1187FB5B861, 0.422514940131
ARWIGX11187FB3AC96, 0.349076305801
ARH3TXI1187FB3A486, 0.365822369137
AR4JY8V1187B98A62F, 0.37976178373
AREAEX91187B98DC01, 0.361483732792
ARIOJO01187B9B31B1, 0.249111798005
ARHN74X1187B98D79F, 0.451570770754
ARNAYJN1187B99CD8A, 0.159953351705
ARD8JVH1187FB4DA04, 0.48210001892
ARSCJQW1187B9B3523, 0.416610107223
ARTZMXB1187B990A55, 0.319651458692
ARC39PE1187B9B2C01, 0.236433804741
ARALP6I1187B989E27, 0.379137555625
ARFCOGY1187FB454B4, 0.344198187483
AR1DR0E1187FB48F61, 0.422127199293
ARC8CQZ1187B98DECA, 0.694128502959
ARAI2ZO1187B9A0536, 0.444086812124
ARXGWZP11F4C83C075, 0.230130793752
AR8WHEJ1187B98CDCA, 0.343508877692
ARBE5BJ1187B98BCFD, 0.278865040501
ARHRKTK1187B99E1D5, 0.419408141119
ARQOATR1187B9AE959, 0.535163042124
ARKC83D1187B9AB367, 0.319626775917
ARCP94M1187B9B0F56, 0.564855750477
ARC4O5Z1187B9AE91F, 0.310087326213
ARY6TWP1187FB58A0D, 0.0
ARLI9NJ1187B9911FB, 0.406409656266
ARRQWQW1187FB49844, 0.372391990635
ART9Z1P1187FB36C94, 0.323634923325
ARL6XZC1187FB3936E, 0.317810959812
ARZS5VW1187FB567E8, 0.424953084113
ARVG4OK1187B9B6BD3, 0.82890630154
ARYQQY31187B9ABBE1, 0.386861224736
ARCZ20M1187FB49687, 0.403509673363
AR3AIEI1187B992D8D, 0.312044455676
ARXB7B21187B98BEF0, 0.389877126421
ARYSHL01187B9AAEC7, 0.328280409109
ARUGU0E1187B9B30F6, 0.584116573124
ARP7ILI1187B9AE9F7, 0.5423950935
ARKCYJV1187FB392E9, 0.549749651587
AR6JVK31187FB58FE3, 0.466509803115
AR23MLO119B8668CDA, 0.197426679745
ARRWDU31187B9B5656, 0.32723960605
AR5ZVJ91187B99083A, 0.501825943654
ARSZVAK1187FB4A9F0, 0.360425106483
ART6QCS1187FB40CBD, 0.407821564861
AR2S4CA1187B99632E, 0.461026520548
ARYVGP31187B9A531A, 0.516771087457
ARHDLVJ11F4C84797A, 0.396070904679
ARWGIFV1187B989947, 0.353768489579
AR9OLFX1187B9A5762, 0.379960766975
ARDHWW41187B9A86B0, 0.290906325426
AR0N9BV1187FB3AD01, 0.396596274818
ARRHVGT1187B98D603, 0.414834940743
AR05IU31187B9B9A1A, 0.292662773044
AR9K6SJ1187B989A32, 0.282221480186
ARSPQ0H1187B999944, 0.359185992752
ARN3X4T1187B99EA39, 0.413772173138
ARBM57Q1187B9AF97C, 0.491828704353
ARVJ6541187B9A4C3E, 0.417413023971
ARNLE621187B98ECB5, 0.653512932947
ARFKYG51187FB4CE41, 0.410477200141
ARL3X871187B996C0C, 0.369884223138
AR7Y8LR1187B991B6F, 0.0
ARKSZW81187B9B695D, 0.787005468689
ARRZQZE1241B9CBFBB, 0.132312762933
AR2BG0R1187FB398C3, 0.473918437
ARCHKD91187B9A0A42, 0.533885536481
ARAO0RA1187FB587F2, 0.417172932215
ARJJ8I01187FB4CE98, 0.293827445166
ARB45GQ1187B98D2B4, 0.318834231458
ARWPYQI1187FB4D55A, 0.507464243115
AR7BMMV1187FB5B2D7, 0.383877493634
AR7PPJV1187FB397CC, 0.434253341236
ARIVB351187B9B485E, 0.409712678287
ARNMWP51187FB3E963, 0.495306693411
ARZKUQI11F4C8467A5, 0.382528157938
ARGNGRI11E2835D567, 0.316692161547
ARV8T9T1187B99F3F4, 0.553566172071
AR5R7791187FB3A8C3, 0.363610864647
ARF5M7Q1187FB501E8, 0.84338027443
ARYGSFW1187FB519B1, 0.257381627597
ARJDUON1187B989F69, 0.333108829467
ARUQ6301187FB54EBA, 0.519288120408
ARDXWVZ1187B9B52F1, 0.36074498441
ARQDWBG1187B9891D7, 0.405618981981
ARBR7II1187B9B821E, 0.360168091317
ARONRBJ11F50C49E81, 0.387496801179
AR5995Z1187B9A112B, 0.132384138346
ARMG34A1187FB548A8, 0.384230562973
ARG4KW31187FB51B7C, 0.404566537526
ARIVGZI11E2835F1FC, 0.433721034075
ARZLX2S1187B991A47, 0.355378552385
ARGP7WY1187FB45464, 0.349886289133
ARHY20W1187B9B8262, 0.360625670596
ARB4ROA1187B9ACAEC, 0.370962958111
ARS1OWB1187B99EEAD, 0.479308459338
ARJTZHH11F4C83C530, 0.0
AR02PUA1187FB52574, 0.409550595364
ARWIHGT1269FCCF034, 0.0
AR3QRJ91187B98E4C2, 0.454541929151
ARX8PZU1187B9AA7E2, 0.314268240614
ARIHI8H1187B9B0058, 0.35929084897
ARWVOHH1187FB5974B, 0.467565441274
ARGXJRQ1241B9C5FDE, 0.33208898102
ARA8O8L1187B9AD61D, 0.402054896734
AR9W3X91187FB3994C, 0.578301633597
ARODOO01187FB44F4A, 0.0
ARXJSHW1187B9A2A52, 0.353156297467
ARQ76LG1187B9ACD84, 0.547506775318
ARZVTZN1187FB579D4, 0.462190104591
ARHCZHQ12086C11407, 0.0
AR0S0EO1187FB490BE, 0.37567692935
AR0JPOG1187FB37383, 0.512197243011
ARY4M3J1187B9AC94C, 0.341288723301
ARUJ5A41187FB3F5F1, 0.750311503248
ARJ6WGW1187B9913EB, 0.319266429779
ARLK1A71187B9AECD2, 0.357329041985
ARXW2MN1187B9B8817, 0.416935871661
AR5IDI61187FB43E75, 0.355667956383
ARVUQIC1187B9A7C66, 0.354369615807
ARN03F71187FB4E3F4, 0.390641235878
ARFERPC1187FB557F6, 0.341976803831
ARYS9L21187FB367E4, 0.385515114251
AR358YS1187FB44A29, 0.283562595981
AREWYHV1241B9C696D, 0.132946011187
ARPKK761187FB4D53C, 0.517328583566
ARWQ3M31187FB4CF01, 0.415441655824
AREPOUG11F4C83D36C, 0.36684720757
ARI28VJ1187FB4EAD7, 0.363132403523
ARS0W831187B9AF0B7, 0.435684070209
ARLAEJO1187B98DB85, 0.370628891638
ARBJC9U1187B9A70AC, 0.322125889014
AR91DZT1187FB4C599, 0.468032527968
ARHUC691187B9AD27F, 0.54776411101
ARE26EG1187B990AEF, 0.386180416079
AR0O3AV1187FB4D030, 0.504307725982
ARDZJ6H1187FB387F2, 0.334252474043
ARQUFQK11F4C83C0D8, 0.0
ARLPXQE1187B99066C, 0.427015342984
ARDE52X1187FB438CD, 0.35461905846
ARG09R51187FB4D5C2, 0.426892680868
ARMZ4PD1187B9ACBCD, 0.314882183623
ARD5K161187B9AC784, 0.498668874796
ARJPZSG1187FB3E985, 0.424791235571
AR07VS41187FB37944, 0.400211297918
ARPTOWL11F50C47FB8, 0.30609064449
ARJ2PGP119B866993D, 0.0
ARMW52H1187B98C835, 0.279743591372
ARJXZX41187B9B6A43, 0.342652377248
ARQVLQJ1187B98F11F, 0.311559175647
AR7CCCC1187FB578FF, 0.379651219002
ARBKMHZ11F4C843491, 0.0
ARO2PB81187B98EB4A, 0.341981735974
ARSG7NQ1187FB57482, 0.566622887558
AROC6N61187FB40B14, 0.372393096876
AR0CWOB1187B99FA08, 0.378387397783
AR8E1KA1187B9A18C3, 0.217993638392
ARDK0551187FB5AC48, 0.401144741478
ARNZPLV1187FB3DF5D, 0.410053622676
ARIF6IS1187B98FDEB, 0.418193099976
ARGYPFI1187FB3D997, 0.333851527972
ARXFWVC1187B98ED6B, 0.313211944773
AR323JD1187FB483D0, 0.341265841356
ARFILWJ1187B9ADDBF, 0.257062920296
ARQQP3Z1187FB5707B, 0.423808443537
ARJIE2Y1187B994AB7, 0.320086926752
ARXQZPD122988F57B8, 0.489568700087
ARLDW2Y1187B9B544F, 0.390660522723
AR06EHB1187FB42914, 0.359873045913
ARZ0SAE1187FB46680, 0.0
ARM63WJ1187B9951EA, 0.35549595658
AREYEW21187FB45C47, 0.399470991155
ARW9SN11187FB52D0D, 0.401090253662
ARQVLQJ1187B98F11F, 0.311559175647
ARKEBNJ126E2B3BF7E, 0.0
ARF3GX71187FB3EB66, 0.628246419191
AR2K2CM1187B98D4F1, 0.383394322194
ARYKF861187B99C74B, 0.312131221496
ARU9KWP1187B98B2A7, 0.349476327198
ARW071B1187B9A603C, 0.46084348259
AR08DYV1187B99A0D7, 0.317288597706
AR95CRV1187B9AFD6D, 0.361702379422
AR6KK741187B98C9E9, 0.36773193521
ARW45YR1187FB3DE95, 0.35297647202
ARK7ZPW1187B99C170, 0.360344685914
ARC95UW1187B9B9A62, 0.3419599966
ARAIABB1187B9AC6E2, 0.58001318294
ARG51IA1187B9B143A, 0.291913130379
ARKBTPV1187FB38A79, 0.418989674563
ARU2I2B1187FB472E8, 0.307540085128
ARLV03V1187B9A33A9, 0.229738498266
AR71A931187B99CDD9, 0.461245798143
ARBQ5TQ1187B992B8A, 0.359260264118
AR7Y8LR1187B991B6F, 0.0
ARUP7CF1187FB40EEB, 0.413665501118
AR82GTS1187FB5662F, 0.376556981046
AR4B1LP1187FB55C83, 0.370441154739
ARLMCCW1241B9CE7CB, 0.252080527206
ARKFYS91187B98E58F, 0.385470550556
ARWX7AO1187B9B91AA, 0.384425905885
ARLAWDD1187FB48367, 0.413254693459
ARBB58Y1187B9B621B, 0.333303418273
AR1PCLK1187FB5BBFF, 0.399451724005
ARMHR011187B9A62B5, 0.349923661324
ARZIKR01187B98DF08, 0.0
AR0GB821187B99FE96, 0.363050246791
AR9UPVA1187FB51260, 0.0
ARTBFV61187FB3C250, 0.438168226182
ARUJ5A41187FB3F5F1, 0.825639110796
ARQXGWX11F50C49BC7, 0.305849744336
AR0GGKI1187FB391D5, 0.373749549056
ARWC3XN1187B9A8D82, 0.345241136759
ART9G811187FB55F2D, 0.457072636624
ARQXGWX11F50C49BC7, 0.305849744336
ARGLOWN1187B99C06D, 0.476955046291
ARSPUJF1187B9A14B8, 0.601427203912
AR40GSU1187FB3AA01, 0.564005985821
AR00A6H1187FB5402A, 0.395627514317
ARL47TY11C8A416938, 0.283182609817
AROZNFA1187B99D367, 0.43392783827
AR0NQD81187FB3AD13, 0.286032616918
AROKAO61187FB38105, 0.474428172899
ARTE6AQ1187B9B2826, 0.396800218979
AROWNZP1187FB3C028, 0.361992288025
ARM9Q581187B98E984, 0.553596233435
ARN3O411187FB4D859, 0.365533756198
ARXK4YK1187FB4D0C4, 0.417068912495
ARMDE3V1187FB3EEFB, 0.354307353276
AR0V36F1187FB366B1, 0.378969800502
AR4TLW81187B99683D, 0.44865347113
AR9LT7R1187FB4543A, 0.362960597112
ARH6W4X1187B99274F, 0.604666876351
ARIG6O41187B988BDD, 0.330806356856
ARGKD4W1187B990E04, 0.566912407282
ARKAUWC122988EDAD8, 0.177446303979
ARW3V6T1187B9ACAC4, 0.35766344769
AR4CL6I11C8A4158B4, 0.30271627189
AR60ZZX1187FB52E29, 0.44062411002
AR5TQ1T1187FB59492, 0.383229026192
AR1OBRC1187FB59AD4, 0.550422824859
ARHK7A51187FB411D8, 0.405080353325
ARVNGA71187FB3C107, 0.670106172837
ARFONKU11F4C8431CC, 0.42954712199
ARXGVSB11F4C842CF3, 0.0
ARC43071187B990240, 0.351555861186
AREB22L1187B9A4BCE, 0.34137626763
AR82DJK1187B991107, 0.491468881637
ARWUK9L11C8A42C37B, 0.317303966227
ARPKMIM1187FB397DE, 0.33840024807
ARWGLPE1187FB3E54C, 0.491099453306
AR342K51187B98B571, 0.419100413034
AREMOC71187B996C2F, 0.458210741502
ARKJKVO1187FB49D0A, 0.398442223726
ARPDVPJ1187B9ADBE9, 0.854637828218
ARXFY0N11C8A423D05, 0.264368000414
ARAZCWP129462A97F1, 0.570106511951
AR6BUE51187B9B5D71, 0.343884048526
ARC8CQZ1187B98DECA, 0.643072292611
ARD842G1187B997376, 0.44793548048
ARDY3451187B9A0226, 0.395791273774
ARK7ZPW1187B99C170, 0.360344685914
ARUVPZF1187FB4880D, 0.391342451875
AR3FE581187FB3F90A, 0.54000775021
AR1OBRC1187FB59AD4, 0.550422824859
ARNBIUE1187FB3E846, 0.464736060695
ARSS4Y41187B9B0AC6, 0.415408951868
ARH0Z131187B9B69E9, 0.375362434357
ARBEOHF1187B9B044D, 0.655283798415
ARQ2PMX1187FB38D62, 0.363452130675
AR3KXHI1187FB3A8BF, 0.413757657252
AR6742W1187B989AA9, 0.0
ARTDQRC1187FB4EFD4, 1.00594196595
ARLLUSZ1187B98ACDC, 0.0
AR95F611187B99CE1C, 0.188030094574
ARORFIN1187FB3BE5C, 0.0
ARMPRI31187FB4F7D9, 0.473700501297
ARHPPJK1187B9AC897, 0.511526435079
ARQUFQK11F4C83C0D8, 0.0
ARTPCQ41187B9AB42C, 0.319300040304
ARF3GX71187FB3EB66, 0.628246419191
AR8SRQ31187FB4D477, 0.46311833993
ARXRVY51187B99E98E, 0.427816989307
AR7OEB71187B995A17, 0.257515403474
ARZSFIJ1187B98B8BC, 0.226718364337
ARA2GMZ1187B98CB13, 0.0
AREQ9AY1187FB40E19, 0.372894173596
ARMUCXW11F50C4BFEC, 0.186141642933
ARM7C1Q1187FB471C8, 0.609481161338
ARGTZL71187FB597C2, 0.395280457271
ARFIUBJ1241B9CA443, 0.273891008655
ARAA88L1187B9A29C1, 0.409518728402
ARFELOH1187B991F95, 0.34276521913
AREMPZY1187B9B8FF3, 0.512455642577
ARJ4B7V1187FB4CB90, 0.32620825462
AR8BMEQ1187B9B4214, 0.240098405753
ARUI8651187B9ACF52, 0.481655862412
ARPTC441187FB3AEBF, 0.343497542278
ARXGASQ1187FB3C727, 0.445216987441
AR74Q3R1187B9B24C3, 0.580345271378
ARNTTHK1187B98FF64, 0.400387756597
AR8SRQ31187FB4D477, 0.46311833993
AR6PJ8R1187FB5AD70, 0.717209854567
ARA7EEC1187FB4C392, 0.461345852016
ARNVH8S1187FB52F86, 0.363668110245
ARTKOGW1241B9CD42B, 0.328377305085
AR8LMZM1187B9A8160, 0.359064295989
ARPQ4Z01187FB3A736, 0.488019841686
AROBHK51187B9AD82B, 0.590449276812
ARS8IP61187B9AA5E7, 0.293534924826
ARPKK761187FB4D53C, 0.517328583566
AR2CM6U1187B999EB7, 0.360200447869
ARSYOWS1187FB41157, 0.408091818588
ARJ1W5M1187FB458F3, 0.508558252473
ARJ45SE1187FB44AD1, 0.46451800505
ARR9XHK1187FB3894D, 0.382246363216
AR4YY6D1187B9AEC44, 0.36217449082
ARDFZE61187FB45994, 0.327543813378
AR2XBPG1187B98FCBE, 0.382591638096
ARROQSO1187B9AEB80, 0.540157744296
ARLK1A71187B9AECD2, 0.357329041985
ARYYCVC1187B9A8510, 0.404798068262
ARSCLMG1187FB3CEE4, 0.309474956885
ARNPPTH1187B9AD429, 0.424940330803
ARWLJLY1187B9AD881, 0.355008768729
AR6896B1187B98FADA, 0.0
ARCEOW71187B9A5A71, 0.473636664534
ARF3HEO1187B9AF2F4, 0.487202994556
ARPPTNG11F50C482A3, 0.373045953823
ARSKATF1187B98A622, 0.0
ARTPY6B1187B98C720, 0.398181054984
AR45KNL1187B992E53, 0.398373122737
AR49IQD1187FB37EA7, 0.550212243572
ARBMHBC11F4C8403A2, 0.365514003263
ARNPPTH1187B9AD429, 0.424940330803
ARXLMH011C8A415658, 0.434137140311
ART9VCW1187B9B6FE6, 0.275197861754
ART9Z1P1187FB36C94, 0.323634923325
AR2GU4Y1187B99F35E, 0.425417871845
AR2L2GV11C8A42C818, 0.216606464892
AR4QYVC1187B99985B, 0.315690276816
ARE3LP51187B9ACD29, 0.479993461262
ARLZYDV11C8A4226B0, 0.340030739388
ARDZQ5U1187B9ADEAE, 0.526549034691
ARXCUQE1187B9ADD91, 0.313667191807
ARDL03L1187B997FBE, 0.324157492841
ARCIXWX1187FB4F1DF, 0.269212951136
ARYWCFZ11E2835CFDD, 0.384146444305
ARG99CA1187FB3D09A, 0.276050125389
ARIIXHS11F50C48D0D, 0.0
ARIYFYD1187FB3F0E5, 0.0
ARW45YR1187FB3DE95, 0.35297647202
ARVML4B1187FB52324, 0.397179042592
ARP7AOI1187FB518B4, 0.466991272287
ARSFVDS1187B990F14, 0.369505750479
ARFCUN31187B9AD578, 0.776037656053
ARFQAQV1187B9A9AD5, 0.319966984262
ARO4WQR1187B9B9825, 0.61999595034
ARI4S0E1187B9B06C0, 0.430942043436
AR1ZYLH1187B98C159, 0.458595402877
AR4GP451187FB3F2BB, 0.310600343688
AREHK7O1187B9ADDD7, 0.528302262284
ARRESZG1187B9A3FBF, 0.116156134208
ARAWBUP1187B9B93FC, 0.0
ARLLRL61187B9B6698, 0.449608088309
ARE36MM1187B991E50, 0.3828469015
AR00A6H1187FB5402A, 0.395627514317
AR45KNL1187B992E53, 0.398373122737
ARUSOMY1187FB4D3B4, 0.524378987515
ARKU2GK1187B98C8AB, 0.307366234445
ARUBX2Y1187B99CD25, 0.299392787198
ARMCYCP11F4C83ED97, 0.257949737451
ARSLDFH12454A38A01, 0.0
ARW63KF1187B98AC48, 0.364384924468
ARBCUNV1187B98A9FB, 0.539644312424
ARLWR721187B9A03C9, 0.343281881787
ARN2M4711C8A423BD6, 0.313119744436
ARPFHN61187FB575F6, 0.554633230574
ARG8DXO1187B9AF743, 0.554564301721
ARWTWYV1187B996D8B, 0.326816073648
ARVSB691187FB3C711, 0.368550447639
ARKQN8X1187B99221C, 0.379222861086
AR009211187B989185, 0.297404802871
ARKNOZU1187FB5A371, 0.504855154444
AREBCAO1187B994183, 0.264351372596
ARNQ7UN1187B98EE77, 0.372307463462
ARQOVNR1241B9C5050, 0.216630259036
ARCLBZ01187B98D025, 0.305093197499
ARHD3RX1187FB3A7DA, 0.502974636418
ARQCFI11187FB5AE43, 0.463673869444
ARIXB7T1187B9AB215, 0.338992802604
ARKEFM61187B9A8202, 0.281887097439
AR7KA5V1187FB44E6B, 0.362218956815
ARHFEBO11F50C4825A, 0.313569342684
ARKE7ZQ1187FB504BB, 0.437987748288
ARHRY5S1187B99B96F, 0.560819769262
ARVZWQ31187B9B8946, 0.4204126176
ARQ3VBJ1187FB3FE55, 0.412115553459
ARKOETA1187FB36CAB, 0.287602557018
ARC4O5Z1187B9AE91F, 0.310087326213
ART5IUL1187B9B0143, 0.440326072809
ARPJQLM1269FCCFBFF, 0.296076183745
ARNJCYH11C8A42AC5F, 0.374375168216
ARHSMIG1187B99C199, 0.238795250935
ARMAPSZ11F50C48146, 0.131537345643
ARN7OQ21187FB5A6B3, 0.368054038751
ARU9KWP1187B98B2A7, 0.349476327198
ARXW2MN1187B9B8817, 0.416935871661
ARMSW7X1187FB5B504, 0.267757495381
AR2VROU1187FB532D7, 0.407539019446
AR1SQSG1187B9AC782, 0.487595647696
ARLR9U31187B9A71AD, 0.497050958692
ARSQDUN1187B98D7D7, 0.453850265331
AR6Q6PN1187B9A01E1, 0.0
ARYO9BU1187B9ADA88, 0.507965802159
ARC6J781187B98F02B, 0.397594324106
AR60C3O1187FB46737, 0.446459237917
ARGCEOR1187B9A4E7D, 0.300518710572
AR0OTEX1187FB3600D, 0.351170211722
ARQ3VBJ1187FB3FE55, 0.412115553459
ARHRKTK1187B99E1D5, 0.419408141119
ARGKD4W1187B990E04, 0.566912407282
ARMOE2A1187B991F89, 0.34346606586
ARL3VGT1187FB40E8E, 0.521726647791
AR4GAFY1187B9B639D, 0.542289933434
ARSJ46X1187FB4A62A, 0.345109487086
ARP3CRB1187FB410B1, 0.316759902182
AR12F2S1187FB56EEF, 0.611117503433
ARSYOWS1187FB41157, 0.408091818588
ARMAC4T1187FB3FA4C, 0.541888972034
ARUKN9H1187B9B71C8, 0.536400010793
AR74Q3R1187B9B24C3, 0.580345271378
AR2EO6H1187B9A3B92, 0.442696719581
AR6XZ861187FB4CECD, 0.840462688027
ARHNCQ31187B9915DC, 0.40109846477
ARDIBRT1187B9AF176, 0.63441238493
ARS1OWB1187B99EEAD, 0.479308459338
AR5WPYF1187B9B40DA, 0.421973968279
AREFUMW11F4C844D2B, 0.2436678563
AROBVNV1187FB3F36C, 0.382980602907
AROY0LJ1187B99654D, 0.288731599964
AR3PDNJ1187B9AF3F0, 0.396018753651
ARBXBQR1187FB56FA5, 0.343389814615
ARIF3EV1187B9B8522, 0.429261029065
AREXX3T1187B989950, 0.320306496987
ARWSPAI12420782828, 0.0
ARG4KW31187FB51B7C, 0.404566537526
ARKFYS91187B98E58F, 0.385470550556
ARY02GH1187B99B223, 0.443395584874
ARBU6D71187B9B5319, 0.382976457967
ARNUIBF1187FB4A28F, 0.386243700521
ARCLGCL1241B9CA830, 0.0
ARC43071187B990240, 0.351555861186
ART5IUL1187B9B0143, 0.440326072809
AR8PL5L1187FB37A10, 0.398727122966
ARW1DRV1187FB40261, 0.315795679708
ARNAIMI1187FB5733C, 0.701404765804
ARXI7WU1187FB4D75E, 0.472451771871
ARGY9FW1187B991C7D, 0.430897608715
ARZAHDN1187B9B4BED, 0.345935702186
ARYXGST1187B991071, 0.412830111795
AR7GOK91187FB455F5, 0.449253876948
ARZBYDY1187FB46DD7, 0.343844499414
ARIH5GU1187FB4C958, 0.536219992815
AREW1KO1187B98E42E, 0.374862616363
AR32ETX1187B9A792F, 0.364914034535
ARPFHN61187FB575F6, 0.554633230574
AR2SMD91187B9B0582, 0.475941289598
AR0AVIB1187FB37D01, 0.384601685548
AR576O51187B990C30, 0.354602925877
AR77FBJ1187FB49D8D, 0.314011789833
ARCPY7O1187FB5C0B7, 0.392659212891
ARDIKTV11F43A69FA4, 0.414196481407
ARZ185I1187FB5B8C5, 0.371836767123
AR0OTEX1187FB3600D, 0.351170211722
ARZH0R61187FB422AE, 0.392579877755
ARJ7KF01187B98D717, 0.916053228284
ARG1UAO1187FB55E50, 0.391574164116
ARKZ68G1187B98B189, 0.454785379496
ARVNIVQ1250941026F, 0.0
ARVCCEM11F4C83DD74, 0.350749838708
ARSQW3I1187B9ACD14, 0.393015730045
ARDE7I31187FB43352, 0.34517431864
AR858UO1187FB437B4, 0.329391949162
ARRNO111187B9B3FC9, 0.458987257866
AR91DZT1187FB4C599, 0.468032527968
AR80YG31187FB58A13, 0.240253564002
AR4BDNG1187FB44870, 0.464186401696
AROD1VN1187B9B377F, 0.359706047314
ARGEZ5E1187FB56F38, 0.516234384084
AR0V36F1187FB366B1, 0.378969800502
ARDVZTE1187FB5A0A1, 0.71889145567
ARUDYKB11F4C83C269, 0.843430844215
ARHCHE61187B9AB217, 0.280935294267
ARZO73F1187FB4BF23, 0.383845367255
ARC2BFH1187B98F3C8, 0.16820206293
AR6892W1187B9AC71B, 0.586433378718
AR261YW1187FB374B3, 0.489149816628
ARHEDEC121318C58DE, 0.363330565984
ARCYE581187B9A1482, 0.3966195656
ARVX3V41187FB59E0F, 0.361472786586
ARLMRES11F4C83E1E1, 0.0
ARRZXQX1187FB45A0A, 0.373671138803
AR6EVQA1187B9AA1DF, 0.426009300484
ARLCGW21187B9929EE, 0.312678559631
ARQQFIQ1187B99DB43, 0.258001579628
ARBSAVH1241B9CA637, 0.0
ARLLUSZ1187B98ACDC, 0.0
ARCYQ1P1187FB3F3CA, 0.323017196688
ARKPDBH1242077DEB1, 0.268037839631
ARAJ5XN1187B9B578B, 0.40368294931
ARGGEGH11F4C83C076, 0.256803368795
AR0WGXC1187B9AAC99, 0.425450613864
ARIGY9P1187B9B6428, 0.36481887024
ARH09RT1187FB4A843, 0.431448034568
ARFILWJ1187B9ADDBF, 0.257062920296
AR40GSU1187FB3AA01, 0.564005985821
AR828WL1187FB47E81, 0.384902249589
ARRJ3UC1187FB579D7, 0.477889303916
ARNMHWR11F4C83B384, 0.295117193892
ARJTX7M1187FB4CED3, 0.382843062209
ARSTA431187B9A3599, 0.411650961064
ARBGVEC1272BA8350B, 0.270408647226
AR5OHUU1187FB55B10, 0.339611731912
AR1OBRC1187FB59AD4, 0.550422824859
ARRWDU31187B9B5656, 0.32723960605
AR3GYKU1187B996AB9, 0.296823950795
ARVMFE61187B992463, 0.406581680352
ARJR7S11187FB36A2A, 0.41252805158
ARQRQRA12131B4B5A8, 0.650665868274
ARBUOMY1187B99F2EB, 0.452229939619
ARJ1YJV1187B9955DA, 0.399377231781
ARNF6401187FB57032, 0.377593081772
ARH2QI91187FB3788D, 0.633409776062
ARE8AJ31187B99A8DF, 0.317752813127
ARZFAGI12420783C02, 0.264132780156
ARUSOMY1187FB4D3B4, 0.524378987515
ARPKATM1187B9B76E6, 0.546383748198
ARDG9I21187FB35FF3, 0.347217815647
ARGY9FW1187B991C7D, 0.430897608715
AR2G8UI1187FB3F33C, 0.371237573581
ARINEWW1187FB5577E, 0.338414818483
ARP998V1187B99DFA3, 0.0
ARCCBWR122BCFCBB85, 0.26895977166
ARXF42D1187B9AC71F, 0.349590024078
AR5BLB01187FB57E99, 0.32623594643
ARDWS2V1187B99AED0, 0.358681692769
ARVZDOM1187B9B49C9, 0.543706050517
ARCJKV91187FB46210, 0.589856179924
AR04KTB1187B99B6B7, 0.345637314229
ARBFQ7L1187B9ACD48, 0.498497972686
ARHG53Q1187B9ACBFC, 0.423021921575
ARCEOW71187B9A5A71, 0.473636664534
ARWNRBH1187B9B7E68, 0.343697449963
AR0QL3J1187FB3748E, 0.366741233181
AR6HEHH1187B9985F9, 0.298946784378
AR9W3X91187FB3994C, 0.578301633597
AR4L4WQ1187FB51996, 0.601436482837
AR8I87E1187FB57E2E, 0.401462053207
ARGRTPZ1257509D28A, 0.0
ARZBOES1187FB40178, 0.51281210294
ARPZBNS1187B98E279, 0.332809831723
ARN2ZKL1187FB3972B, 0.488536125402
ARAXU5Z1187B98FECD, 0.605191152965
ARQDYV0119B866800F, 0.344814468704
ARMBDNQ1187FB3F3EC, 0.266229539913
AR82DJK1187B991107, 0.491468881637
ARBE5BJ1187B98BCFD, 0.278865040501
ARDEDYX124549A41AF, 0.218076589272
ARNI9J91187B9ACFCD, 0.387418195207
AR1Y2PT1187FB5B9CE, 0.452789476752
AR1JD6E1187FB5696C, 0.38065635953
ARQIB731187FB3BE17, 0.379491424347
ARQY95Q1187FB3E53A, 0.366816133792
AR6HFW21187B9A8922, 0.464547022516
AR9696A1187FB550A1, 0.0899987243463
AR5OH2Z1187B9A46A9, 0.573554543514
AR1518Q1187B98A906, 0.373282313217
ARPVMJZ1187FB48D2D, 0.519120079762
ARA8DDQ1187B9AE3A0, 0.395217687049
ARY4M3J1187B9AC94C, 0.341288723301
AR38I491187B9B2F2D, 0.535891042959
ARCP94M1187B9B0F56, 0.564855750477
AR5OH1V1187FB574C3, 0.452102264925
ART7R7N1187B9B999C, 0.399265000145
ARODFDS1187FB57348, 0.492781167979
AREAEX91187B98DC01, 0.361483732792
ARPCEWC11F4C83EEA7, 0.35550299502
ARJRQL51187FB541AB, 0.38663083651
AREUYDJ1187B9BA040, 0.372119118631
ARF5M7Q1187FB501E8, 0.84338027443
ARODBRG1187FB3FD99, 0.479407675575
ARH72941187B989591, 0.305288008246
ARNHMFD1187FB3B3F6, 0.544321914839
ARI88U61187FB41C60, 0.297180944388
ARBHPBX1187FB47102, 0.346781041891
AR7TTS41187B9B42D3, 0.466628888902
ARW74FW1187FB554AD, 0.31282776658
ARKU3Z61187FB51DCA, 0.908202619208
AR6TD9K1187B9A207D, 0.360350447854
ARLLANI1187FB5116F, 0.2076758378
ARV91AY1187FB52E52, 0.414404495272
ARWIN9D1187B98E544, 0.414783863092
ARISRD71187FB57AE8, 0.373639131096
AR9XPQF1187FB5A693, 0.169797032606
ARCW5RB1187FB4383F, 0.0
ARJRF841187B9B7F9A, 0.355491136025
AR7CCCC1187FB578FF, 0.379651219002
AR7XU1L1187B98D481, 0.327258977363
ARO81XD1187FB38096, 0.397620535081
ARKJJZN1187B9AFC88, 0.353290289769
ARLLUSZ1187B98ACDC, 0.0
ARBCUNV1187B98A9FB, 0.539644312424
ARXPPEY1187FB51DF4, 0.766545450757
ARZRR0M1187FB3EE0A, 0.51559756773
ARMG34A1187FB548A8, 0.384230562973
ARPWZPV1187FB51DCF, 0.331260494304
ART1R9I1187B9B3324, 0.404157671026
ARNWZ1N1187B9B71BA, 0.410850787117
ARKSZW81187B9B695D, 0.787005468689
AR65K7A1187FB4DAA4, 0.619431422311
ARLSF8H1187B9A76B0, 0.59960264265
ARDNW1B1187FB4ABBB, 0.348226729698
AR9G2A41187B99951A, 0.281684227326
AREVQ7D1187FB4371B, 0.325824019259
AR126G61187B9B88A6, 0.342537003163
ARYUHNV1187FB482AF, 0.0637249864633
ARCCK7B1187B994F9D, 0.350285512219
ARCF2WB1187FB54132, 0.349639366159
ARPFHN61187FB575F6, 0.554633230574
ARIWQYF11F4C8427FF, 0.366006985212
ARRMOXN122988EE92C, 0.199791575864
ARWLUAI11F4C840637, 0.249320347234
ARR2BHS1187B9B8FA7, 0.383557469777
ARF3XJD1187FB38DE0, 0.337920750252
AROF4LP1187FB41C51, 0.54586591707
ARML3X41187FB35F2E, 0.755334784437
AR2VJMU1187B9947AF, 0.402627792927
AR9C8IE1187B9ACC99, 0.587916678788
ARYFXQ21187FB4DAEF, 0.373552391014
ARUME5Q1187B9B1AA7, 0.407898466458
AREN1A11187FB527EF, 0.441559082514
ARPBTRI1187FB52457, 0.599859524967
ARYN8YT1187FB38396, 0.377472507312
ARFQ7RR1187FB3CC0A, 0.402033856023
ARL3VGT1187FB40E8E, 0.521726647791
AR9W3X91187FB3994C, 0.578301633597
ARPXDY61187B9AD0A8, 0.455769040429
ARDZRMF122988F7633, 0.0
AR1HK7B1187FB55747, 0.431854183239
AREPOUG11F4C83D36C, 0.36684720757
AR7NNKG1187FB4AA1C, 0.440370730666
AR8360R1187FB47C18, 0.357482871449
ARFCOGY1187FB454B4, 0.344198187483
AR4WHYC1187B9896E7, 0.543681106661
ARMZSTW1187B99DC0D, 0.405748956421
AR8LD3R1187FB4D08F, 0.367007961493
ARLF0QY1187FB4FDCC, 0.468158756358
ARQ6QOK1187B9B0A2E, 0.360349392069
ARXAHU31187B9B1520, 0.375367266727
ARNDL191187FB51583, 0.59506940727
AR08GQF1187B98E316, 0.3507066599
ARAMIDF1187FB3D8D4, 0.361587941532
AROOKC21187B9AE85C, 0.496351408605
AR16GSC1187B9A6291, 0.629514800013
ARRI5MR1187FB47CAB, 0.460515741701
ARUZL121187FB4B42D, 0.328073304913
ARVQ4QM1187B98AD95, 0.347598888684
AR0WGXC1187B9AAC99, 0.425450613864
AROGWRA122988FEE45, 0.417593317281
ARO31HI1187B9A12E4, 0.403794859185
AR78WG01187B98E404, 0.34154441252
AR25WM21187FB461B3, 0.371711094041
ARKZ13R1187FB54FEE, 0.637302342502
ARRYTVF1187FB4A460, 0.311123110132
ARTPY6B1187B98C720, 0.398181054984
AR7PPJV1187FB397CC, 0.434253341236
ARDVZTE1187FB5A0A1, 0.71889145567
AR6GR981187FB5184A, 0.449818173111
ARH6S8I1187B9893FB, 0.349161154799
AR70C8A1187B99B56D, 0.403689030121
ARJRRJZ11F50C47E95, 0.407364773711
ARDGFTD11F4C83C209, 0.0
ARR6LWJ1187FB44C8B, 0.623835200923
ARQZRQ11187B9A5918, 0.441371598672
ARZDYBC1187B9A3142, 0.0778420102991
ARL43EQ1187FB4D5EC, 0.389350184141
AR13CXU1187B9AD30A, 0.601186059455
ARHB1961187B9B1732, 0.394881083378
ARTSGR41187B9912C6, 0.537267237341
AR6CLFP1187B9ACB94, 0.473613189375
AR2XH7R1187B998D30, 0.317542513651
ARO9XCZ1187B99C255, 0.402583236459
ARBOG0H1187B99F775, 0.537675628064
ARWDDAE11F4C844B57, 0.381626705622
AR1CB5G1187B9AFB8E, 0.531399329244
ARRH63Y1187FB47783, 1.08250255673
AR46CAD1187FB4D84B, 0.618219159412
AR58SJE1187B9A8E4C, 0.355974358947
AR81BPV1187B9AED0E, 0.403490279552
ARZFRQM1187B9A9772, 0.40358823765
AR14CJ91187FB3A994, 0.397775654323
ARRT66G1187FB3DDF9, 0.382593000876
ARVJSJY1250940FA2B, 0.207285952835
ARJVTRE1187B9959C0, 0.496123346043
ARN03F71187FB4E3F4, 0.390641235878
ARMX5R91187B991E20, 0.36076001661
ARV21JS1187B99E516, 0.2969556818
AR8CT8U1187FB4D803, 0.489458258471
ARIVB351187B9B485E, 0.409712678287
ARMG34A1187FB548A8, 0.384230562973
ARYDFJA1241B9CBFF2, 0.14519082979
AR3ZV061187FB3C821, 0.284719343755
ARLOIDN1187B9B060D, 0.251895538548
ARAEX7Y1187FB42D36, 0.555968803752
AR4YY6D1187B9AEC44, 0.36217449082
ARAPH9U1187B9B34F0, 0.543225521045
ARMEUT11187B9BA155, 0.183182471394
AR0U44O1187B99007C, 0.396490351912
ARGF5QG1187B9AC84F, 0.380917170625
ARN7POH1187B9B301E, 0.58608620676
ARF3HEO1187B9AF2F4, 0.487202994556
ARRVIZY1187FB41246, 0.255410309434
ARPGTHP1187B9AC284, 0.48894420136
ARLYOE51187FB36902, 0.375054445897
AREPOUG11F4C83D36C, 0.36684720757
ARYKXSD1187B9A4DAD, 0.330212698901
ARY7DVZ1187FB58433, 0.387561696563
AR6HEHH1187B9985F9, 0.298946784378
AR1J7881187B9959D8, 0.388881954204
AROY6XW1187B991121, 0.543954417056
ARGHV4C1187B995847, 0.362563591831
AR6HAZT1187FB4A3AA, 0.395273631551
ARGCFSQ122988F7D0B, 0.214682399297
AR5J8N51187FB54ED9, 0.288578615725
ARQC4R31187B9A0D88, 0.320850129554
ARMB95F1187B9B5B93, 0.515325300572
ARF9BNW1187FB3F54B, 0.335060795852
ARU2JAB1187FB50C72, 0.310298996385
AR8I87E1187FB57E2E, 0.401462053207
AR189B91187B9B8D9C, 0.429780285791
AR1SFKQ1187B98AF13, 0.383470327535
AR9Q3LP1187FB3D647, 0.442348448484
ARWRMEN11F50C4BD18, 0.0
ARO2U2Q119B86692A8, 0.547609033098
ARVFDXZ1241B9C8865, 0.0
AR0CDSK1187FB52ED6, 0.461023015726
ARUZRFN1187B98AC05, 0.555138321923
ARY1K701187B9A43A9, 0.338946969158
ARNI8K81187FB423C7, 0.296792153943
ARLCGW21187B9929EE, 0.312678559631
ARKLA8V1187B999B68, 0.471126714521
ARPGYM11187FB4B1E1, 0.380494621129
ARKT5SH1187B9AE8BF, 0.436329933866
ARB0WNP1187B9AC4AB, 0.393457111376
ARB78VW1187B98F81C, 0.339532420349
AR63RWN1187FB3E89A, 0.341073301047
ARGBR4I1187B99D073, 0.476389108826
ARHG53Q1187B9ACBFC, 0.423021921575
ARCGJ6U1187FB4D01F, 0.826777013491
ARJZQ321187FB5AAA1, 0.336820368674
ARUP17W1187B98CAB9, 0.31055608318
ARVAWTX1187B9A9990, 0.0
ARCLCFS1187B9AE476, 0.341904573541
AR1DGSO1187FB59B15, 0.331214989792
ARYXJ5A1187B9B9E56, 0.433945513831
ARGDSO91187B9AAB35, 0.432754336766
ARB06Z71187B99049A, 0.327954754153
AR8OSA91187B9B9BA2, 0.394354683839
ARD3ICK1187B9A56C9, 0.299705214087
ARD7U0O1187FB5531A, 0.26712486735
ARW1MUW1187FB4D5A1, 0.608849018571
ARQXGWX11F50C49BC7, 0.305849744336
ARZ1PTN1187B9967D9, 0.414589569693
ARQCYDK122BCFCC606, 0.244300509159
ARXOKNT1187B9AA521, 0.399265149721
ARVZDOM1187B9B49C9, 0.543706050517
ARYJ6RP1187B9B3827, 0.4174104669
AROSW2I1187FB44866, 0.365026437742
ARVSDB11187FB4270B, 0.354454708478
ART3O5Z1187B9AB043, 0.544257505725
ARI2JSK1187FB496EF, 0.318536029936
ARWGY6U1187B98B228, 0.304743659539
AR4ZLZI1187B9B72D0, 0.360932334515
AR567PN1187FB4B4F2, 0.389535576189
ARTX57T1187B98F34B, 0.418736205125
AR8B1WY1187FB38366, 0.418894704702
AR6UVLC1187B9B4D4C, 0.406642648699
AR13CXU1187B9AD30A, 0.601186059455
ARD2F1Z1187FB3D27E, 0.3778699661
ARAVWPR1187FB4736D, 0.516464329805
ARRM70G1187B9A7F64, 0.427122969886
ARBNXYA1187FB51C50, 0.562506672289
ARL3VGT1187FB40E8E, 0.521726647791
ARLCGW21187B9929EE, 0.312678559631
ARNJVSL1187B99AFD4, 0.397569595443
ARDRQOR11F4C844DA4, 0.0
ARLWR721187B9A03C9, 0.343281881787
AR7GYNZ1187FB44803, 0.236832077881
AR7CCS31187B98C531, 0.393622171732
ARZ96PB1187B98F5C9, 0.575501205145
AR0JVUH1187B9918B5, 0.104101665832
ARD8JVH1187FB4DA04, 0.48210001892
AR5M4GN1187FB3F2F6, 0.471869945854
ARWLJLY1187B9AD881, 0.355008768729
ARWI6LR1187FB46E9F, 0.423356106094
AR08YJF1187B9B2D59, 0.313112031835
AR21JV01187B999138, 0.0
AR5J8N51187FB54ED9, 0.288578615725
ARYG6CU1187FB3852B, 0.443098946532
ARUJTBL1241B9C9BB7, 0.0
ARVO6RD1187FB403CA, 0.307366736412
ARRGJY81187B9B2878, 0.312848207273
ARO5T1P1187B9AC680, 0.481975849154
ARV6QHT1187FB5537A, 0.348350022224
AR6HEHH1187B9985F9, 0.298946784378
ARQAXT91187B99103A, 0.325022932845
ARUTS6Y1187FB5BDAB, 0.401239121707
AROOKC21187B9AE85C, 0.496351408605
AR243ZT1187B9A98D2, 0.368689372548
ARM4J201187B9B8B3B, 0.406626217422
ARAA1VM1187B994013, 0.35018273201
ARZ3U0K1187B999BF4, 0.397414663377
ARS0W831187B9AF0B7, 0.435684070209
ARHIC3Q1187B9B1773, 0.457711511559
ARMRCET1187FB52049, 0.560205546389
AR76YOD1187FB46B24, 0.318458623333
ARIMZQZ1187B9AD541, 0.519965479287
ARRWAD71187FB3FE44, 0.497568734282
ARP07GD1187B9B9DA4, 0.440835006713
AR8TCLH1187B9A85E4, 0.382545794601
ARH3TXI1187FB3A486, 0.365822369137
ARAFRFP1187FB4230B, 0.327875294793
ARELMNO1187FB52929, 0.3584235862
ARCICZN11EB9C810B3, 0.307107769813
ARFONKU11F4C8431CC, 0.42954712199
AR6HAZT1187FB4A3AA, 0.395273631551
ARZ8IPU1187FB38846, 0.367243766155
ARN5NHX1187FB4F755, 0.64722472378
ARRHVGT1187B98D603, 0.414834940743
ARDBFT21187B98E524, 0.362782940754
ARWIMT21187B9B5AEC, 0.364586575409
ARW3KQ51187B9A0E0C, 0.235118891182
ARB336A1187B9A4583, 0.451466060363
AR49IQD1187FB37EA7, 0.550212243572
ARKSZW81187B9B695D, 0.787005468689
ARY4M3J1187B9AC94C, 0.341288723301
ARFTMGO1187B9A777A, 0.388112773806
AR2FSX31187B98E3EF, 0.481426936478
ARPTJHV11F4C83EF53, 0.414609584707
AR49A9P1187FB3BBBF, 0.400221756399
ARZ8S071187B993849, 0.238696350098
ARJWK3M1187B98D679, 0.346683794514
AROLNOH1187FB39845, 0.368336782246
AR3L4P91187FB42189, 0.356984153626
AREJ5K11187B993F5F, 0.376939984442
AR8XG9J1187FB418C1, 0.389589781113
ARSQIM51187B9B460E, 0.363341462445
ARW0YFZ1187FB442DB, 0.446445661828
ARUP17W1187B98CAB9, 0.31055608318
ARBGXIG122988F409D, 0.0
ARZ0LFY1187FB4FE17, 0.296553690512
ARGSAFR1269FB35070, 0.0
ARDNQ0R1187B9BA1EF, 0.404827116559
ARA373P1187B9A74C7, 0.26634308162
AR1Q25M1187B9B0D73, 0.513065654505
AR0V36F1187FB366B1, 0.378969800502
ARBV2AK1187FB5BA33, 0.346202160141
ARIW1BH1187FB4C94A, 0.505181615869
AR37XMN1187B9AC408, 0.402167047517
ARAPH9U1187B9B34F0, 0.543225521045
ARG09R51187FB4D5C2, 0.426892680868
AROLMXS1241B9C6915, 0.313866600157
ARJ8PZJ1187B99314F, 0.500459150659
ARJH2E61187B9A1627, 0.284234466807
ARVN9FZ1187FB393F1, 0.667294595643
ARTBFV61187FB3C250, 0.438168226182
AR11NP91187B9901B4, 0.37225120793
AR4SOKG1187B98D2B0, 0.443116873986
ARVML4B1187FB52324, 0.397179042592
ARSFVDS1187B990F14, 0.369505750479
ARF3FRP1187B9A77BF, 0.295967984047
ARRJFJ31187B9961EF, 0.356970259862
AR8RXRI1187FB4104B, 0.600282490747
ARJTX7M1187FB4CED3, 0.382843062209
ARSFWGS1269FB35F84, 0.363466886479
ARHP4FT1187FB3897C, 0.322549965474
AROY6XW1187B991121, 0.543954417056
ARK0BT61187B9ACEC2, 0.517170480632
ARMRCET1187FB52049, 0.560205546389
ARPQWQ41187FB3E8A1, 0.297435416208
ART3KT21187FB450DC, 0.526846925184
ARLVEYZ1269FCCFC01, 0.0
ARCYE581187B9A1482, 0.3966195656
ARIDQH31187B9ACB84, 0.348553028435
ARI4NXX1187FB59DF2, 0.407373149287
ARBAW9R1187B98FB6B, 0.769674279295
ARMLEY51187FB5BF8F, 0.416871766152
AR3VSHF1187B9B3002, 0.458646372383
ARXAHU31187B9B1520, 0.375367266727
AREYIHC1187B99CE0B, 0.339408486355
ARSHZBZ1187B98A445, 0.511054353898
ARZQ6SW1187B9AD3E2, 0.343963910714
ARTHIJ41187FB57411, 0.399492787464
ARDNBQU1187B9B6DC2, 0.32742170532
ARYC2P31187B9B9AB7, 0.390361004758
ARNG61X1187B98C7DF, 0.424271114446
AR9C8IE1187B9ACC99, 0.609262136002
AR1H4F51187B9946A5, 0.405767032957
AR97EHA1187B98AD5F, 0.351345077093
ARVJVFF1187B9B40D6, 0.461517204498
ARQVTCN11E2835DFFD, 0.270099982469
ARFFDZU1187FB50682, 0.450779890687
ARUKNSS1187FB435E3, 0.307862900323
ARDFZE61187FB45994, 0.327543813378
AR0SY101187B9B44BE, 0.349457929026
ARNMWP51187FB3E963, 0.495306693411
ARHPW8M1187FB5CF11, 0.367744742388
AR5O6W51187FB46984, 0.463900094792
ARHNMEZ11F50C4706C, 0.373832894365
ARGBG2T1187B9B1670, 0.371878155243
ARO81XD1187FB38096, 0.397620535081
ARU5BXG119B86698FE, 0.416786558461
AR1M7ZD1187B9B0D55, 0.278263539837
ARK9W051187FB4B783, 0.409484252656
ARSX3I61187B98FAC7, 0.351023682295
AR56P361187B9AC4DB, 0.467110648585
AR90X8J1187B995250, 0.395699829747
ARGUAHS11F50C4CF7D, 0.301094091237
ARJXULI11F4C83C865, 0.272364626326
ARSHTBB1241B9C434A, 0.176392341565
ARFQWAA1187FB3BACB, 0.328046265941
ARJIWJH1187FB3F6B9, 0.407887969619
AR813LR1187FB3F83A, 0.442285782391
AR0B8CT1187B9B2CF3, 0.215272259231
ARGVJPK1187B9909EA, 0.755149913058
ARAEX7Y1187FB42D36, 0.555968803752
ARJ4B7V1187FB4CB90, 0.32620825462
ARC8S7S1187B98D50B, 0.323462286674
ARCDLDD11F33E000A4, 0.333929872951
ARO7IJV1187FB5BFAD, 0.138461596356
ARAMIDF1187FB3D8D4, 0.361587941532
AROLNOH1187FB39845, 0.368336782246
AR15O341187B9B182C, 0.303189556632
ARDNS031187B9924F0, 0.349912611675
ARO5P0H1187FB5BAD7, 0.471493226676
ARWI6LR1187FB46E9F, 0.423356106094
ARZBYDY1187FB46DD7, 0.343844499414
AR67FTZ1187B9975EC, 0.355899038459
AR0S7TA1187FB4D024, 0.725746081852
ARTHWIZ1187FB4258D, 0.364817617549
ARN0NCG1187B9911A9, 0.380154464588
ARRJNTE1187FB44E12, 0.394217198901
ARDW9RF1187B99002C, 0.254746439851
AR198711187B9AD09F, 0.498563611268
AROHUUU1269FB35937, 0.0
AR8YV0M1187B99F3E8, 0.333538924469
ARDVZTE1187FB5A0A1, 0.71889145567
AR9G2A41187B99951A, 0.281684227326
AR91DZT1187FB4C599, 0.468032527968
AR6I54S1187FB48C6B, 0.514523378441
AR8W8DN1187FB35ED0, 0.404392640155
ARUGU0E1187B9B30F6, 0.584116573124
AR219DK1187FB4CEFC, 0.508177085178
ARWPYQI1187FB4D55A, 0.507464243115
ARNMWP51187FB3E963, 0.495306693411
ARHBWOZ1187FB3FD53, 0.430300279108
AR531IG1187FB59B35, 0.411545813622
ARKSZW81187B9B695D, 0.787005468689
ARC1CJB1187B99FCA4, 0.376325960229
ARETSEJ1241B9C91DC, 0.0
ARSVRVA1187B99228A, 0.350213824944
ARTXS851187FB411C7, 0.338575026457
ARZQ7QA1187B9AD08B, 0.594627866944
AR97EHA1187B98AD5F, 0.351345077093
ARB1KC91187FB38B13, 0.351717751121
AR3YBMD1187B99F15C, 0.310065424538
ARZY28S1187FB40BAB, 0.339627561044
ARE1DU51187B99BB83, 0.368455090652
ARD4C1I1187FB4B0C3, 0.638906376718
AR91GW21187FB4F642, 0.417870578149
ARYML1P1187B9AF39B, 0.532445870959
ARONPP01187B995FB5, 0.42865098879
AR1RZ1E1187FB5A62E, 0.299994748415
ARR2BHS1187B9B8FA7, 0.383557469777
AR9O0LF1187B99D0D1, 0.417967347263
AR0KBXO1187B996460, 0.598555411894
ARODBRG1187FB3FD99, 0.479407675575
AREUYDJ1187B9BA040, 0.372119118631
ARZCXO91187FB53708, 0.335368577746
AR898OD1187B9A14BB, 0.439292039979
ARJK0ID1187B9A7A02, 0.300531057503
ARYBP3U1187B9B3A4C, 0.243238447557
AR3UFKE1187B9B186E, 0.0
ARWQ3W11187FB3F35E, 0.344592816579
ARZXVY01187B9972EC, 0.344968846215
ARK0BT61187B9ACEC2, 0.517170480632
ARNQAVF11F4C844C04, 0.411688959786
AR6GJDZ1187B991E46, 0.435144671678
AR4B3RX1187B9A868A, 0.560380805158
ARWQ3W11187FB3F35E, 0.344592816579
ARDPZFB1187B9A91C3, 0.318020646791
AR4OHL91187B9B2EB9, 0.0
ARCCRTI11F4C845308, 0.337507289166
ARYTTQW1187B9BA487, 0.424983928049
AR9OTFC11C8A415220, 0.433243833724
AR59C6A1187B9B2143, 0.351449540734
ARTYXQC1187B9ACAB2, 0.542175165589
AR37K6O1187B9AD049, 0.384290228082
ARI0XA21187B9B26FC, 0.25619508901
ARHG53Q1187B9ACBFC, 0.423021921575
ARARFT81187FB41EEA, 0.279255759882
AR6BIWA1187B9ABAE8, 0.234625314276
ARXGWZP11F4C83C075, 0.230130793752
ARNJCPV1269FCD1139, 0.385210178046
ARB054P1187B9AD32E, 0.627765134777
AROBSHL1187B9AFB01, 0.569239953735
ARSG7NQ1187FB57482, 0.566622887558
AR7OEB71187B995A17, 0.257515403474
ARNWZ1N1187B9B71BA, 0.410850787117
AR65OLD1187FB5C103, 0.533085375157
ARE0OLY1187B9AD19F, 0.458592024908
ARWV0Q11187FB4CDCE, 0.349366361109
ARKC83D1187B9AB367, 0.319626775917
AROP6331187FB398F7, 0.0
ARB29H41187B98F0EF, 0.416173064627
ARQ4OZM1187B991229, 0.157267430413
ARN03F71187FB4E3F4, 0.390641235878
AR9OLFX1187B9A5762, 0.379960766975
ARNTRZQ122ECCBC53C, 0.222516975315
ARZDYBC1187B9A3142, 0.190346162352
ARDW9RF1187B99002C, 0.254746439851
ARXWBOL11E2835E5BB, 0.21893641516
ARTP2PK1187B98FECA, 0.320520135114
ARTXJFJ1241B9C55EF, 0.303861892794
ARADCSF11F4C8416CD, 0.367496996135
ARW45K91187FB3DE04, 0.365747307268
AR78ZID1187B9B31ED, 0.360445765807
ARCDCFY122ECCBCC6A, 0.227625275791
AR2O84Q1187FB5BF74, 0.445222197689
ARN2M4711C8A423BD6, 0.313119744436
AR06EB01187FB40150, 0.554291489013
AR18B3W1187B9A5AAA, 0.273269209344
AR1Y2PT1187FB5B9CE, 0.452789476752
ARR9XHK1187FB3894D, 0.382246363216
ARY4EC01187B9AA3EC, 0.277640588713
ARTQZKW11EB9C80B4C, 0.355790396837
ARCRNVV1269FCD5B9C, 0.0
ARDE7I31187FB43352, 0.34517431864
ART62WC1187FB47E80, 0.528614974324
ARHL8SP1187B98F8A3, 0.420801849507
AR059HI1187B9A14D7, 0.306518600038
ARMR44C1187FB433D2, 0.40650824852
ARR575U1187B98FB97, 0.380679873613
ART1R9I1187B9B3324, 0.404157671026
AROKAO61187FB38105, 0.474428172899
ARPLE851187B9B2B7C, 0.364787348408
ARPKGV01187B9939F5, 0.319927242389
ARHK7A51187FB411D8, 0.405080353325
ARSW5F51187FB4CFC9, 0.582921576451
ARWOGTM11F4C83E795, 0.323320731142
AREENKN1187B98F35D, 0.359324726504
AR62SOJ1187FB47BB5, 0.396356236945
AR7ISJJ1187B9B2CD6, 0.435252323542
ARLJK1O1187B9B0FC4, 0.0
ARNTTHK1187B98FF64, 0.400387756597
AREOGMA1187B9908EF, 0.405178358908
ARDQ9AP1187B9BA3F6, 0.596350337639
ARASOUV1241B9C975C, 0.0
AR2F4501187FB3EC2E, 0.370566683676
ARM7EDF1187B9B3FA1, 0.71366981958
AR5AXVN1187B9A2761, 0.301947212693
ARNHJHU1187B98F79C, 0.353364767023
ARQOATR1187B9AE959, 0.535163042124
ARCLLH11187FB48DE0, 0.457072953181
ARFH6FT1187FB5BF47, 0.43434630556
ARW70HR1187B9A358C, 0.399431544311
ARELVCU1187B98F3E5, 0.298448311438
AR0PUK71187B9AC3C0, 0.34497245609
AR6F6I21187FB5A3AA, 0.477310881067
ARRTI6E1187B9A661D, 0.331744767101
ARSL3N21187B98DFC5, 0.469340374259
ARPDVPJ1187B9ADBE9, 0.851233891127
ARHNCQ31187B9915DC, 0.40109846477
ARJ45QE1187FB423B8, 0.557408355409
ARMT23H1187B995083, 0.360829937369
AR0QT3O1187FB56860, 0.385866623641
ARSE6YI1187B9B9CD2, 0.431526919215
ARBGJLS11F4C83D4B9, 0.321383730111
AR6UQ8H1187B99DA9E, 0.166172902594
ARDCIH31187B98B241, 0.37205113225
ART9Z1P1187FB36C94, 0.323634923325
ARAAP251187B99DDE0, 0.399090239294
ARHNMEZ11F50C4706C, 0.373832894365
ARNRPI31187B9AC699, 0.555741673066
ARDK0551187FB5AC48, 0.401144741478
AR4L4WQ1187FB51996, 0.601436482837
AR65OLD1187FB5C103, 0.533085375157
AR8SBT41187B9A5FD9, 0.44324531259
AR7G5I41187FB4CE6C, 0.454231156571
AREU6JB1187B9911D4, 0.400624308692
AR9W3X91187FB3994C, 0.584836888719
ARWWPKQ11F4C83D8E2, 0.355320262173
AR15O341187B9B182C, 0.303189556632
ARSPC9J1187B9A7EA1, 0.0
ARDMPZU1187B99A472, 0.365841574068
AR137UW1187B98CCBA, 0.175411181094
ARFN4JN1187B98C627, 0.390624707501
ARD3LXU1187B9ABFC5, 0.549204383877
AR6BUE51187B9B5D71, 0.343884048526
ARWNGWU124207838D7, 0.2497396712
AR4OHL91187B9B2EB9, 0.0
AR1IY3B1187B98B384, 0.332856514457
AR52EZT1187B9900BF, 0.778673579184
ARNWJEE1187B98DB44, 0.308144060642
ARCSHW51187B9A79D2, 0.311059224502
ARJ84561187B993E3E, 0.35683522051
ARH6W4X1187B99274F, 0.604666876351
ARY0XD81187FB5CF38, 0.409248013221
AR41O131187FB51448, 0.458400493994
AR2OPWW1187B9A5057, 0.370725817451
ARKAL321187B9AD4BE, 0.485682369161
ARODHHS1187FB37814, 0.458549175939
AR60KPK1187B9A7552, 0.476300189711
AR8L3QV1187FB4C0BB, 0.371900479752
ART4QZC1187FB51612, 0.568201421807
ARS8HNI1187B9B0785, 0.402626821857
ARLUAK21187B9B785A, 0.538491127504
AR01IP11187B9AF5D2, 0.423976263499
ARXSABR11E8A2E29BF, 0.273643478873
AR61JEC1187FB54A9F, 0.261981712539
ARF1Q9B1187B9ADCC7, 0.491835806004
AREHK7O1187B9ADDD7, 0.528302262284
AR502DZ1187B98F8E1, 0.150857762445
AR7NNKG1187FB4AA1C, 0.440370730666
ARUQSEE1187B9983F8, 0.318615811486
ARMI8BW1187FB57B2E, 0.586729913278
AR5MK521187B98E0B8, 0.46155845196
AR828WL1187FB47E81, 0.384902249589
ARC3EZO1187B9B9314, 0.43546381745
ARX83ZF1187FB3B66A, 0.0
ARA65601187FB57BD9, 0.451648407322
ARABFU01187FB46712, 0.314428180796
ARARFT81187FB41EEA, 0.279255759882
AREN9121187B99D57A, 0.245973154852
AR2PT4M1187FB55B1A, 0.420570307208
ARJNUTI12802FDFB5A, 0.0
AR358YS1187FB44A29, 0.283562595981
AROI96Z1187B9A5304, 0.351210536532
ARNUPIM11F4C83BD4D, 0.413885097666
ARC3WPR1187B9A183E, 0.284260942742
AR2S4CA1187B99632E, 0.461026520548
ARE8V001187B994A56, 0.332352463914
AROC6N61187FB40B14, 0.372393096876
ARZDYBC1187B9A3142, 0.190346162352
ARHTHC01187B9B6D2A, 0.563362693588
AR2NJG71187FB5203E, 0.478490732973
ARF3L8J1187B9B7866, 0.352919183632
ARB1KC91187FB38B13, 0.351717751121
AR6ET9I1187FB53C65, 0.377904479782
ART4QZC1187FB51612, 0.568201421807
AR3YJMO11C8A42B348, 0.455495288804
ARW45YR1187FB3DE95, 0.35297647202
AR4R84C1187FB3EC16, 0.0
ARX9YIP1187B98A656, 0.606630151729
ARV1ALU1187FB4D77E, 0.440107996859
AR1S5O61187B9898AC, 0.333663203605
AREWQSE1187B9AEC6C, 0.311437640327
ARRBF3M1187FB4D59F, 0.677087546712
ARUUXNF1187B98FB36, 0.379495650569
ARXGASQ1187FB3C727, 0.445216987441
ARGMCPU1241B9C4C34, 0.226516083072
ARYXBCS1250940B844, 0.235989600294
AR6IJJ41187B98C872, 0.426851853236
AR7AOEJ1187FB3D279, 0.386441097104
ARQ3VBJ1187FB3FE55, 0.412115553459
ARQHLIO1187B98AA6A, 0.38623768284
AROBHK51187B9AD82B, 0.590449276812
ARJWDVS11F4C8456F1, 0.0
ARVVLMQ11F4C8456E4, 0.439438995527
AR7MNIX1187B9A2A68, 0.377849172963
AR9RTS51187B996CC8, 0.387113765389
ARDNS031187B9924F0, 0.349912611675
AROKPWU11F50C48F1B, 0.0
ARS0W831187B9AF0B7, 0.435684070209
AR9W3X91187FB3994C, 0.578301633597
ARSHZBZ1187B98A445, 0.511054353898
AR82DJK1187B991107, 0.491468881637
ARKJKVO1187FB49D0A, 0.398442223726
ARYAOUL12454A3789B, 0.269410043151
ARS6HDE1187B99CA29, 0.364975595396
ARXBOZ01187FB38261, 0.546054180066
ARV2X851187FB41A78, 0.377828215446
AR0QL3J1187FB3748E, 0.366741233181
ARSSR8L1187B990BC5, 0.413159858773
ARD0FN11187B9B25CD, 0.469425907976
ARZEA421187FB5B5BA, 0.349488482362
ARZE0AG1187FB5BF61, 0.388416224237
AR7LIU31187B98EF11, 0.288050285376
ARNLW7H1187B99EC9D, 0.390489535122
AR6I54S1187FB48C6B, 0.514523378441
AROIHOI122988FEB8E, 0.0490343808485
ARPEPWU1187FB55B71, 0.443334893719
ARHEQ501187FB4F898, 0.370747683691
AR0JEOI1187B98B918, 0.336191155685
ARLZ3CF1187B98BD56, 0.325831240487
ARSRCI71187FB59188, 0.305024582249
ARN7OQ21187FB5A6B3, 0.368054038751
ARYXOV81187B99831D, 0.509243098679
ARGAWJY11F50C50904, 0.345284772988
ARPNJUD122BCFCB9B4, 0.24251484921
ARWNJYQ1187FB56F25, 0.372229882276
AR7C6G11187B9B4C1E, 0.56091265733
ARD0FN11187B9B25CD, 0.469425907976
ARF1NWV1187FB39A97, 0.0
ARB0WNP1187B9AC4AB, 0.393457111376
ARP0VU91187B9AE375, 0.344103645693
ARMJTYS1257509DE8D, 0.0
ARUZLOS1269FCD4EF1, 0.26702622085
ARNDFTA125FEF32B22, 0.442968188735
ARRJNTE1187FB44E12, 0.394217198901
ARQMTJR1187FB42BB5, 0.0
ARY8UIR1187B999BFB, 0.0
AR3NPVS1187FB5108F, 0.376066361452
ARATH401187B98A7DE, 0.290403491356
AROATPL1187FB48E12, 0.45339908329
AR51YM81187B9B536C, 0.318024619795
AR6CLFP1187B9ACB94, 0.473613189375
ARMH10M1187FB4184F, 0.43497603179
ARIFK6X1187B9ADA44, 0.387081084454
ARPVRUC1187FB4F1DE, 0.429513639801
ARFZNR41187B990AF7, 0.332870566937
AROSW2I1187FB44866, 0.365026437742
ARLE1JH1187B9B630B, 0.497544085149
ARLSGLC1187B9A969B, 0.32836630031
AR1ZYLH1187B98C159, 0.458595402877
AR46CAD1187FB4D84B, 0.618219159412
AR69GPS1187B99E556, 0.471362049887
ARVBRGZ1187FB4675A, 0.532803541797
ARBS1OC1187FB44CAF, 0.872838920624
ARYSHWJ1187B9AD2D0, 0.320507918418
ARYJA8S1187B9AA816, 0.308058362531
AR1ZHYZ1187FB3C717, 0.306676093479
ARTH9041187FB43E1F, 0.879236744738
AR9YV621187B99373E, 0.378649978962
ARSQDUN1187B98D7D7, 0.453850265331
ARYV1OT1187B9B4C8E, 0.383140731021
AR78WG01187B98E404, 0.34154441252
ARTCO131187B9B9ADB, 0.388527293306
ARHN74X1187B98D79F, 0.451570770754
ARFKATV1187FB377F9, 0.247346003939
ARTHWIZ1187FB4258D, 0.364817617549
ARNRPI31187B9AC699, 0.555741673066
ARS4KT21187B9B9438, 0.458730806359
ARZCNRW11F50C4A630, 0.422033835578
AR502DZ1187B98F8E1, 0.150857762445
ARB3YS71187FB4E54E, 0.354472191052
ARW9DSD1187B9A0345, 0.372356587534
AR1PQYO1187B98BEC9, 0.0
ARQZOCL1241B9C85AF, 0.0
ARWI6LR1187FB46E9F, 0.423356106094
AR8IEZO1187B99055E, 0.378442736545
AR6IJJ41187B98C872, 0.426851853236
ARZFR3S1187FB3D659, 0.0
ARY0W1O1187FB5B8C0, 0.398633286132
ARJWK3M1187B98D679, 0.346683794514
ARBKMHZ11F4C843491, 0.0
ARKAL321187B9AD4BE, 0.485682369161
AR25WM21187FB461B3, 0.371711094041
AR1ABAO1187FB531E1, 0.607792751463
ARAI3SX1187B9A3A9A, 0.26402710106
ARQB8PN1187B98E6C4, 0.215021295324
AROVJWM1187B98E649, 0.389847526573
AR21JV01187B999138, 0.0
AR3C3C01187B98E800, 0.316354000822
ARBWFER11C8A42BA94, 0.0
ARXVADV12086C1203C, 0.451957690147
AR6CFZ71187B99AE5B, 0.505012391947
ARDRQOR11F4C844DA4, 0.0
AROBHK51187B9AD82B, 0.593473085386
AR1CD5Z1187B98F2C2, 0.463979513898
ARDOOH01187B991055, 0.374449430497
ARSDFYB11F50C4F736, 0.346419946826
ARS1OWB1187B99EEAD, 0.479308459338
AR6AGJV1187FB504BA, 0.459387424613
ARTKOGW1241B9CD42B, 0.328377305085
ARZVZRN1241B9C4B14, 0.225860544453
AR2O3B51187B98CD94, 0.540832551952
ARY80281187FB3E380, 0.405031297936
AREAEX91187B98DC01, 0.361483732792
ARA7YDA1187B9A5776, 0.468511466476
ARS2W231187B99EDEC, 0.415114608037
ARI0AB01187B9B7D94, 0.420114180265
ARW8K3V1187B9A4A14, 0.307570734733
ARZENOX1187B98A645, 0.740373515795
ARZ507V1187FB4425E, 0.424931835179
AR1OBRC1187FB59AD4, 0.550422824859
ARC4O5Z1187B9AE91F, 0.310087326213
ARVZWQ31187B9B8946, 0.4204126176
ARZ96PB1187B98F5C9, 0.575501205145
ARMDBW21187FB37126, 0.455884678552
ARPHH7Z1187B9B6A3A, 0.453270236306
ARP06GY1187B98B0F0, 0.322482577876
ARWF1KM1187B9908CA, 0.358685666234
ARJ9DSA1187B990E00, 0.405234690787
ARXSABJ1187FB3C336, 0.60172975571
AREMOC71187B996C2F, 0.458210741502
ARP2TO91187B9913EA, 0.309901682843
ARPGCHN1187B9A2831, 0.412699764648
ARQDTOS12086C11443, 0.305101217075
AREN1A11187FB527EF, 0.441559082514
ARE2QID1187B98FA19, 0.353035740145
AR7LIU31187B98EF11, 0.288050285376
ARA8O8L1187B9AD61D, 0.402054896734
ARNDB1X1187B990AA0, 0.526182556347
ARFXRHR1187B98FF09, 0.357470403065
ARLI9NJ1187B9911FB, 0.406409656266
ARF3XJD1187FB38DE0, 0.337920750252
ARZ4Y2H1187FB3C36F, 0.388752603404
AR12F2S1187FB56EEF, 0.610731462904
ARWB3G61187FB49404, 0.420692587866
ARKIQSL1241B9C90C8, 0.0
ARQVZ7F1187FB57CC9, 0.482490972444
ARS03Y81187B98E6ED, 0.448840337604
AR051KA1187B98B2FF, 0.0801669386642
ARSDFYB11F50C4F736, 0.346419946826
ARI945I1187FB4CC22, 0.28744675323
ARFCOGY1187FB454B4, 0.344198187483
ARMIQRB12298900AFB, 0.0
ARI648V1187B9B5379, 0.294986616555
AR633SY1187B9AC3B9, 0.776167742324
ARFERPC1187FB557F6, 0.341976803831
AR1WDRJ1187B9BA4B8, 0.301505877512
AR8UA7Z1187B9AD9C9, 0.434541946218
ARW74FW1187FB554AD, 0.31282776658
AR1NJEP1187FB4F4C1, 0.464277500246
ARAILOU1241B9CA8CD, 0.365075970976
AR4R9BI1187FB44767, 0.462963987212
ARI7DOB1187FB37AA4, 0.537799608198
ARHBV1W1187B9B496C, 0.323550215832
ARG8DXO1187B9AF743, 0.554564301721
ARG4KW31187FB51B7C, 0.404566537526
AROTIMO1187FB532BF, 0.413393911287
ARYUHNV1187FB482AF, 0.0637249864633
ARTJ9GZ1187B9B46DE, 0.215958703137
ARXHWL31187FB476F4, 0.403602007956
AR9VEMN1187FB4D75B, 0.422364007618
AR0X3JJ1187FB3A9A7, 0.37943697224
AR1IY711187B9B0B50, 0.438932849542
AR7IYVY1187B9A2648, 0.368252038716
ARWV0Q11187FB4CDCE, 0.349366361109
ARA6QLT1187FB4CB89, 0.383357050518
ARN0DMU1187FB5B63A, 0.496381145682
ARKVD621187B9B95FC, 0.36419124423
AR7AA2D1187B98B415, 0.346135667325
ARKEZNY1187B9B7F6C, 0.0
ARWRS4D1187FB3FCD4, 0.40514344687
ARN2ZKL1187FB3972B, 0.488536125402
ARJTAZU1187B990051, 0.314700469777
ARCZN5K1187FB42CF8, 0.272926796892
ARV6QHT1187FB5537A, 0.348350022224
AR323JD1187FB483D0, 0.341265841356
AR449OQ1187B99B25E, 0.276997484962
AR3U3G01187FB58BA7, 0.316549460326
ARTWNNQ1187B9A15BC, 0.256562179758
AR2HXXS1187B9AF3E2, 0.420627401336
AR6F6I21187FB5A3AA, 0.477310881067
ARODP5P1187FB40142, 0.274197771089
AR0WQ1Q1187B992E16, 0.30678401697
ARGPFYP1187B98F5CB, 0.468246835885
ARWJHW61187B98FA8E, 0.417885348963
AREFFEC1187B98E12F, 0.417745326069
AR6GSIE1187B98C3C7, 0.310731085333
ARTKTYG1187FB40CBA, 0.450432129914
ARVLIVA1187B991590, 0.425126208212
AROIHOI122988FEB8E, 0.0490343808485
ARPUBU61187B98A4E6, 0.397517215821
ARLWDC31187B9B4D71, 0.392977289303
ARSS4Y41187B9B0AC6, 0.415408951868
ARQKBSH1187B9B4B99, 0.295332819545
AR8FMEN1187FB4A657, 0.419967935771
ARE0OLY1187B9AD19F, 0.458592024908
ARZVJ641187FB36FA4, 0.383914994714
ARLE1JH1187B9B630B, 0.497544085149
AR0RCMP1187FB3F427, 0.384611083962
ARE8GLF1187FB52532, 0.576903815588
ARVMZFK11F50C4A0D2, 0.316721953486
AR65K7A1187FB4DAA4, 0.619431422311
ARKEZNY1187B9B7F6C, 0.0
ARJFDKM1269FB35F40, 0.198800845159
ARGVJPK1187B9909EA, 0.755149913058
ARCID1N1187FB51DA0, 0.384986116578
ARPCDZM1187B996876, 0.345045822859
AR3FE581187FB3F90A, 0.54000775021
ARMSL551187FB3F4B0, 0.451219236891
AREWQSE1187B9AEC6C, 0.311437640327
ARDNS031187B9924F0, 0.349912611675
ARJA1841187FB3A029, 0.594733860303
ARD3LXU1187B9ABFC5, 0.549204383877
ARH4N0N1187FB3E1F1, 0.324430891993
AR10USD1187B99F3F1, 0.605507135691
AR1PNWN1187FB4A404, 0.0
ARJFBZ41187FB560A0, 0.474795797088
ARLPXQE1187B99066C, 0.427015342984
AR8OA0X1187FB4FE50, 0.0
ARX2R5A1187FB5B85B, 0.422575523417
AR9A5TK1187B9AD07F, 0.387008321794
ARY02GH1187B99B223, 0.443395584874
