artist_id, track_id, duration, year
ARA3I0J1187FB57869, TRAQGNV128C7196894, 280.00608, 2003
ARKJKVO1187FB49D0A, TRAQGRI12903CEE1DA, 192.67873, 2002
AR16T2D1187B98ABF4, TRAQGID128F932232D, 239.33342, 2007
ARONPP01187B995FB5, TRAQTBF12903CCC1B7, 204.93016, 1997
ARPAAHK1187B9ABB00, TRAQTKV128F427BFA5, 223.99955, 2003
AR5IIHR1187B991B70, TRAQTRL128F428C2AF, 272.03873, 2002
ARBV8MP1187B9B60B1, TRAQTCE128F92E341E, 119.27465, 1990
AR1I9KS1187B9AEFD4, TRAQTOS128F428E94B, 361.24689, 1994
AR0RCMP1187FB3F427, TRAQTYT12903D134AC, 175.20281, 1976
ARKQ9JM1187FB57521, TRAQKUB128F1460B81, 60.21179, 2002
AR13CXU1187B9AD30A, TRAQKVC128F425E65C, 130.63791, 1982
ARAZF6G1187FB5A0C1, TRAQKPR128F427DDF8, 227.39546, 1999
AROQ9OT1187B99E88D, TRAQKIM128F42618D0, 309.49832, 2006
ART9GX11187B9B0EDC, TRAQKCW128F9352A52, 47.28118, 2009
AR1BZED1187FB4CDEE, TRAQKVM128F145BB26, 230.37342, 1992
ARNNQ9E1187FB3C82F, TRAQKZA128F9306913, 251.402, 2001
ARD5SR21187B9B5F4A, TRAQQEE128EF342942, 231.47057, 1978
ARA7EEC1187FB4C392, TRAQQUX128F92F9F10, 232.75057, 2008
ARTJJZZ1187B9BA5E7, TRAQQLM128F147CBFE, 45.45261, 2006
ARC2HVM1187B98CE05, TRAQQUC128F9314732, 286.74567, 1998
AR8FMEN1187FB4A657, TRAQQOG128F934B0A1, 386.66404, 2000
ARAXU5Z1187B98FECD, TRAQQVR128F4255A3A, 128.41751, 2005
ARZWK2R1187B98F09F, TRAQQHJ128F9345DC3, 187.66322, 2001
ARID1TK1187FB4CFB8, TRAQQZN128F931FA31, 212.84526, 2008
ARWSCGO1269FCD5E49, TRAQQYH12903D0C595, 219.29751, 2009
ARGMXQW1187FB54C34, TRAQQTW128F1466D86, 201.22077, 1995
ARHCUCR1187B98F589, TRAQUVZ128F932B2B7, 217.88689, 2008
ARBXVFV1187B99AA63, TRAQUQK128F92D13C1, 155.11465, 1987
ARJ9DSA1187B990E00, TRAQVDI128F42969C8, 292.91057, 2010
ARS86AJ1187B9B4225, TRAQVWM128F426CFAD, 137.79546, 1988
ARIULTJ1187B9A2017, TRAQVMY128F424C862, 169.66485, 2003
ARF8HTQ1187B9AE693, TRAQVTO128F14696A6, 329.53424, 1995
ARDCQM61187B9951CE, TRAQVQM128F933DFEB, 225.82812, 2008
AR7CCCC1187FB578FF, TRAQVCT12903CD7F32, 184.68526, 1960
AR32PK91187FB4D6E2, TRAQVLJ128F4283F4D, 210.93832, 1998
ARCSHVZ11C8A41575B, TRAQVFU12903CDCB07, 204.90404, 2008
ARUYVDC12086C11D5C, TRAQVJM128F9310F20, 556.06812, 2009
ARRVGAX1187FB4D745, TRAQVSH128F92EF9A5, 149.65506, 2000
ARWSMC91187B9AD369, TRAUCVY12903CF2B1E, 213.39383, 2000
ARWUK9L11C8A42C37B, TRAUCHW128F9343FE2, 251.402, 2007
AR3AY3R1187FB52CF0, TRAUCZX128F149D9AE, 209.08363, 1996
ARKN9J11187B9B210D, TRAUCSN128F148CB99, 64.70485, 1998
AR6CLFP1187B9ACB94, TRAUCBH128F4275052, 270.78485, 1982
ARBE5BJ1187B98BCFD, TRAUCME128F422A115, 218.48771, 1997
AR2UQQ51187B9AC816, TRAUCNU128F42671EB, 194.87302, 1987
ARE2QID1187B98FA19, TRAUCPI128F4224350, 163.91791, 1935
ARJIWJH1187FB3F6B9, TRAUJMN128F421A8EC, 335.69914, 2005
ARK3PWH1187B9A441D, TRAUJPQ128F930D4C5, 252.21179, 2009
ARK3PWH1187B9A441D, TRAUJVM128F422C5A2, 197.79873, 2008
AR91C8S1187B990901, TRAUJTZ12903CF7BB4, 191.99955, 1984
AR9ST641187B99B4DE, TRAUJEB128F4240FD4, 200.12363, 2003
AR3FE581187FB3F90A, TRAUJLJ128E0784E7C, 246.33424, 2003
ARC8CQZ1187B98DECA, TRAUJKJ128E078FA48, 228.70159, 2000
ARDFZE61187FB45994, TRAUIYH128E078DA2F, 168.77669, 2004
ARNFTGS1187B9A465F, TRAUIOQ128F92EDC51, 122.64444, 1982
ARM3QKQ1187FB421E0, TRAUISB128F423D3F0, 291.91791, 1996
AR6CLFP1187B9ACB94, TRAUIHC128F427EEF9, 237.68771, 1984
ARWAPYC1187FB3FCAF, TRAUIGU128F92EA6DA, 274.54649, 1993
AR1GYND1187B9A9CD3, TRAUIBK128F9345A79, 140.06812, 1998
ARNF6401187FB57032, TRAUIMO128F147C31C, 302.86322, 1999
AR12EOE1187FB3AE26, TRAUHXR12903CBDFE4, 399.82975, 2006
AR4MCB01187B98BF5C, TRAUHVP128F933657C, 433.94567, 1998
ARS1OWB1187B99EEAD, TRAUXEU12903CD3CD7, 234.84036, 1973
ARSW5F51187FB4CFC9, TRAUXNO128F42774A0, 262.47791, 1992
ARYQQY31187B9ABBE1, TRAUXNU12903D11493, 242.62485, 2000
ARUL0VB1187B9A01AA, TRAUXEL128F42683D5, 217.93914, 2002
ARUSOMY1187FB4D3B4, TRAUXSK128F427C58D, 299.80689, 2008
AR0BLA51187FB4E6CD, TRAUOPR128F933634F, 266.81424, 1979
ARAXU5Z1187B98FECD, TRAUONA128F4255A38, 160.96608, 2005
ARIZODP1187B9AD272, TRAUOXB128F146573B, 35.65669, 2002
ARWD25M1187FB4C563, TRAUOEY128F421CBD3, 229.85098, 2007
AR4TLW81187B99683D, TRAUOPA128F93537F2, 256.62649, 2000
AR0D6EL1187B9AF46B, TRAUOUZ128E078F8BB, 208.32608, 1988
ARIKE5O1187B997E73, TRAUOAA128F4245ECF, 221.90975, 2003
ARQXC7V1187FB4DA9E, TRAUODU128F9307467, 289.09669, 1993
ARQUMH41187B9AF699, TRAUOPE128EF367610, 189.28281, 2007
AR2XBPG1187B98FCBE, TRAUMHL128F930CFCB, 156.18567, 1973
AR76DOS1187FB5AE78, TRAUMNH128F92FB67F, 283.03628, 1992
AR52QY11187B99FC59, TRAUMPU12903CBD2E2, 264.14975, 2005
AR633SY1187B9AC3B9, TRAUMIT128F424DA18, 137.37751, 2002
ARX9YIP1187B98A656, TRAUMIX12903CE640C, 227.5522, 1990
ARU230L1187FB4642F, TRAUMBG12903CF0D68, 468.00934, 1978
AR11YQ81187FB3C654, TRAURRP128F4261B94, 296.30649, 1998
ARGFFA01187B9A2D11, TRAURRO128F1489B2C, 159.89506, 2005
ARL635X1187B990092, TRAURHK12903CA60F8, 241.65832, 2009
AREN7YO1187B9A475C, TRAURGF128F427E9B5, 263.18322, 1994
ARKBTPV1187FB38A79, TRAUREN128F931F5AB, 159.79057, 1986
ARJRIM91187FB3EF9A, TRAURLY128F4274DBB, 324.51873, 2004
AR32ETX1187B9A792F, TRAUYOD128F42647FE, 262.29506, 1990
AR18SS11187FB4852B, TRAUYLT128F427538E, 233.22077, 2006
ARDVZTE1187FB5A0A1, TRAUYZG12903CDA4E9, 432.97914, 1995
ARXHFWE1187FB410A9, TRAUYXI12903CC7355, 110.57587, 2009
ARAXU5Z1187B98FECD, TRAUALF128E0781331, 249.93914, 2001
ARK8EHO1187B9B71D1, TRAUAHG128F931C55F, 280.31955, 1996
ARE0X5X1187B993A86, TRAUARF128F9337BD4, 301.73995, 2003
ARWR6RK1187FB3AB52, TRAUAZA128F424847C, 147.64363, 2002
ARWEM1D1187FB4077B, TRAUBRC128F92EF13F, 212.63628, 1999
ARCNOK81187B98CA3F, TRAUBNN128F4298B31, 239.0722, 1997
ARMOHN71187FB3959F, TRAUBDS128F931A703, 208.66567, 2009
ARN5W1B1187B98BE10, TRAUBKK128F4254C97, 225.77587, 2002
AR7U5BZ1187B997FFC, TRAUNNH12903CB038C, 292.41424, 2006
ARYML1P1187B9AF39B, TRAUNEL128F1467D5C, 159.89506, 1978
ARN5L1O1187FB4D955, TRAUNND12903CD03BC, 158.95465, 2010
AREW1KO1187B98E42E, TRAUNWX12903D01764, 283.55873, 2001
AR4EVIX1187B993DE9, TRAUSBV128F9344D08, 162.84689, 1997
ARPAL0H1187B990A8E, TRAUSOM128F9337BC3, 175.12444, 1997
ARE36MM1187B991E50, TRAUSMF12903CE71E5, 185.41669, 1927
ARHEQ501187FB4F898, TRAUSQP128F4230490, 242.75546, 2000
ARMB95F1187B9B5B93, TRAUSFP128F42A6BEE, 24.73751, 2004
ARDVZTE1187FB5A0A1, TRAUSHD128E0795347, 253.83138, 2005
ARCRSUM1187FB52AB0, TRAUFHQ128F9304F9B, 284.682, 2004
ARW9SN11187FB52D0D, TRAUFDN128E07926A5, 231.33995, 2001
ARQXR6R1187FB46FD6, TRAUFRK128F147C548, 168.93342, 1986
AR03BDP1187FB5B324, TRAUFLM128F42AECDC, 1.04444, 2005
ARC8CQZ1187B98DECA, TRAUFCU128F42882B7, 136.30649, 2003
ARDP3WW1187FB3D28C, TRAUDHC12903CE6B13, 224.65261, 1998
ARNPPTH1187B9AD429, TRAUDRC128F148D15E, 322.97751, 1988
ART62WC1187FB47E80, TRAUDWB128F9318EA4, 224.31302, 2009
AR2CM6U1187B999EB7, TRAUDFG128F423AC77, 62.92853, 1995
ARAG1DX1187B98BB10, TRAUDIU128F933AD92, 307.80036, 2009
ARA8X3M1187B9A13CA, TRAUEIR128F934E644, 244.32281, 2001
ARIW1BH1187FB4C94A, TRAUEYX12903CEAF48, 249.28608, 2005
AREBWEH1187B99EA9A, TRAUENF128F931FC35, 266.89261, 2009
ARSQDUN1187B98D7D7, TRAUEVU128F42B7B0A, 161.35791, 1997
ARRJNTE1187FB44E12, TRAUEWN128F932C32C, 197.25016, 2009
AR4C6V01187FB3BAF4, TRAULOO12903CF47B6, 318.9024, 1995
ARB5TJM1187B9A71FD, TRAULEG128F92F035B, 278.93506, 2007
ARYZV2X1187B997BE7, TRAULAE128F92FD865, 261.0673, 2006
AR4GAFY1187B9B639D, TRAULGT12903D10B94, 186.40934, 1995
ARFAX4X1187B9A89CB, TRAULJB128E0786AC7, 263.96689, 2001
AR74Q3R1187B9B24C3, TRAULTS128F931290B, 382.58893, 1997
ARQ76LG1187B9ACD84, TRAULZG128F425E06C, 92.36853, 1981
ARAJPHH1187FB5566A, TRAUPEE128F425943A, 157.85751, 1964
AR63RWN1187FB3E89A, TRAUPWS128F9338163, 278.38649, 1998
AR5MK521187B98E0B8, TRAUPWA128F147F2CF, 273.84118, 1983
ARZ3U0K1187B999BF4, TRAUPSV128F427B621, 207.82975, 2008
AR048JZ1187B9AEB85, TRAUWFN128F1462E09, 208.79628, 2003
ARLGIX31187B9AE9A0, TRAUWRW128F9358C69, 259.05587, 2003
AROCBZZ11E2835D652, TRAUWCV12903CEE9C5, 248.24118, 1968
AR7U5BZ1187B997FFC, TRAUWWP12903CC79CB, 270.21016, 2008
ARFAGIR1187B997EA1, TRAUWIL128F9334C00, 204.61669, 1996
ARJ438T1187B9AD503, TRAUWQL128F424696E, 357.45914, 2006
ARNUIBF1187FB4A28F, TRAUWKJ128F932E096, 250.22649, 1984
ARAJPHH1187FB5566A, TRAUZVU12903CC050D, 136.01914, 1964
ARUI2ZJ1187FB3ACA5, TRAUZOU128F4260C88, 212.13995, 1962
ARZXLZD11E2835CEA7, TRAUZFY128F42BCE57, 229.8771, 2007
ARBM57Q1187B9AF97C, TRAUZLI128F427EA58, 231.57506, 2003
ARXPPEY1187FB51DF4, TRAUZTR128F9351D2A, 182.7522, 1972
ARZ8KO81187B9B1B7C, TRAUZLI128E0791D51, 175.882, 1967
AR7CCCC1187FB578FF, TRAUGVF128F92EFCF8, 169.63873, 1991
ARNFLMN1187FB50BB3, TRAUGNY12903CFEFB5, 160.31302, 2004
AR6U7461187FB59499, TRAUGTI128F4273726, 608.23465, 2005
ARIMW0M1187B99EC59, TRAUGHD128F42A8B9B, 405.41995, 2003
ARHZCG01187B99E4DE, TRAUGWE128F42670DB, 312.76363, 1998
AR4YKRO1187B9B7829, TRAUGQI128F4295BD1, 208.79628, 2006
ARJD6I01187FB50347, TRAUGRD128F425E997, 205.45261, 2007
ARUEYGC1187FB3D94B, TRAUTXS128F932A629, 170.70975, 1974
AR6MIU31187B994603, TRAUTJD128F14890F5, 538.27873, 2006
ARSE5NP1187B9B98AB, TRAUTOL128F42418E2, 259.70893, 2005
ARLBNAC1187FB47151, TRAUTNT128F933CB62, 164.0224, 2007
AR6IJJ41187B98C872, TRAUTAI128F4275F53, 216.31955, 1999
ARXPE571187FB4AFD0, TRAUTCA128F429B624, 246.62159, 1979
ARVESGN1187FB3E10C, TRAUTKA128F428060B, 162.14159, 1994
AR198711187B9AD09F, TRAUTPD128F92F1376, 303.96036, 1991
AR88F5X1187FB3EA17, TRAUTXO128F4263C8E, 161.48853, 1965
ARTOTKA11E2835EA81, TRAUKJG128F147DAFE, 198.24281, 2002
ARAENPX1187B990DDA, TRAUKGN128F1499A8D, 242.1024, 2006
AREZWC61187FB52DCF, TRAUKNJ128F933A413, 167.26159, 1972
AR35YUO1187B9AD83E, TRAUKYS128F14636CB, 246.38649, 1994
ARI6CSW1187B9AF09A, TRAUQJR128F92E5B5F, 215.92771, 2007
ARE08BN1187B98FCA3, TRAUQAP12903CB60EA, 34.32444, 1983
AR3DLBB1187B98F3DF, TRAUQFT128F4270904, 201.27302, 1967
ARK0TRD1187FB3BDE5, TRAUUQI128F92D8620, 147.722, 2003
AR1U3BY1187B9B136F, TRAUUIF128F93232FE, 215.40526, 1995
ARSPQ0H1187B999944, TRAUUZF128EF347CD5, 262.97424, 1988
ARTH9041187FB43E1F, TRAUURC128E078EC6E, 312.2673, 2000
ARDGB6U1187FB3AD07, TRAUVVR128F425A925, 236.61669, 1986
ARGDY4Y1187B9A334F, TRAUVAR12903CBD9A4, 60.55138, 2003
AR3SPD91187B9B63E3, TRAUVGO128F14836DB, 198.89587, 1991
ARA1UU51187FB5A70B, TRAUVUF128F148D1AA, 181.21098, 1997
AR219DK1187FB4CEFC, TRAUVSF128F14A0B6F, 349.04771, 2004
ARUAOGE1187B9B3D50, TRAUVAQ128F92DC677, 195.47383, 2009
ARJRIM91187FB3EF9A, TRAUVPX128F4274DCB, 338.96444, 2004
ARWIN9D1187B98E544, TRAVCBP128F422930E, 172.25098, 1983
AR8TLVX1187B9B2D7D, TRAVCNA128F930975C, 313.36444, 1998
ARPFHN61187FB575F6, TRAVCWE12903CEF076, 211.69587, 2007
ARNHMFD1187FB3B3F6, TRAVJHK128E078370B, 270.10567, 2004
AR035N21187FB3938E, TRAVJOO128F14AD39C, 94.9024, 2005
AR1XZ0N1187B9941D5, TRAVIVX12903C9726D, 169.74322, 2002
ARA82JG1187FB36131, TRAVHTT128F14987BB, 292.17914, 2002
ARQXM2T1187B98FF32, TRAVHIA128F1494B0C, 146.02404, 1967
AR7NNKG1187FB4AA1C, TRAVHLR128F146B476, 223.05914, 2003
ARRZZRW1187B9A06E3, TRAVHRU128F92C637E, 161.43628, 2008
ARHU9211187B9B7E0E, TRAVXEP128F14539AE, 43.38893, 2005
ARH9GD41187FB37E0F, TRAVXII128F92FCC6D, 270.05342, 2005
ARXPPEY1187FB51DF4, TRAVXBL128F42BB389, 188.99546, 1984
ARTK5LU1187B9A654C, TRAVXZP128F425C677, 452.25751, 1992
ARB8H82119B34032E1, TRAVOHH128F4247EF9, 207.09832, 2008
AR6CLFP1187B9ACB94, TRAVOPU128F9360B7D, 153.33832, 2009
ARXGASQ1187FB3C727, TRAVMFC128F428CDE0, 227.65669, 1997
ARNDL191187FB51583, TRAVMXD12903CBBD0B, 469.60281, 1975
AR7N7MI1187FB46935, TRAVMRI128F4259E76, 271.98649, 1988
AR4MCB01187B98BF5C, TRAVMOE128F9336555, 341.36771, 1997
ARUYVDC12086C11D5C, TRAVMWQ128F934B098, 335.5424, 2009
AR5GMAV1187FB3A8F5, TRAVMXQ128E0785F82, 192.65261, 1967
AREJXK41187B9A4ACC, TRAVMZX128F14AB117, 234.39628, 2007
ARG4KW31187FB51B7C, TRAVMQE12903D08335, 158.77179, 1972
ARR6VH41187FB46862, TRAVMPT128F4246BE4, 214.49098, 2006
ART4EPR1187FB38772, TRAVROB128F9305B80, 316.99546, 1973
ARJ7VKJ1187B98BA4B, TRAVRPL128F145E874, 286.53669, 2001
ARGBR4I1187B99D073, TRAVRJA128F9329C4C, 166.32118, 1991
AR90QN41187B9ABCD2, TRAVRAE12903CC95D8, 303.04608, 2000
ARQ0TN01187FB4A19E, TRAVRTO128F4280C14, 249.67791, 2004
AR9LT7R1187FB4543A, TRAVROF128F421AC2D, 234.73587, 2004
ARXI7WU1187FB4D75E, TRAVYPH128F149B902, 238.68036, 2007
ARHUQUF1187FB382E6, TRAVYHI12903CB95EC, 234.16118, 2001
ARMY5XE1187FB38AF3, TRAVYXL128EF34722F, 313.3122, 2006
AR1ABAO1187FB531E1, TRAVYRR128F423C597, 209.47546, 1982
ARKWT6J1187B98ED50, TRAVYVD128F4237876, 271.5424, 2005
AR0O3AV1187FB4D030, TRAVYIU128F42625E1, 105.84771, 2001
AR4BJFD1187FB43082, TRAVAXK128F42A5166, 182.04689, 2004
ARKSZW81187B9B695D, TRAVANT128F92E3F71, 236.5122, 1990
ARUAKAN1187FB48204, TRAVASN128F9361074, 100.23138, 1992
ARYF20K1187B9B76BD, TRAVBLC12903CD66A5, 330.16118, 2009
ARQDYV0119B866800F, TRAVBMS128F423EA54, 228.23138, 2003
ARWXIVG1187B9B17C5, TRAVBGZ128F42541D2, 285.17832, 2008
AR0IVSA1187FB4F069, TRAVBAH128F9305DFC, 257.54077, 1992
AR2BG0R1187FB398C3, TRAVBCR128F933AE8E, 150.15138, 2007
AR5MK521187B98E0B8, TRAVBGI128F425F366, 354.19383, 2009
ARUF32D1187B9B157E, TRAVNST128F422EBD2, 258.16771, 2007
ARGXIE31187FB55B48, TRAVNHK12903CC5B48, 90.14812, 2008
ARYRDLN12592CDBB85, TRAVNUK128F92F274F, 203.31057, 2009
AR20BO61187B9B880E, TRAVNVI128F4298D23, 338.05016, 2007
ARE0OLY1187B9AD19F, TRAVSZP128F92C53A0, 147.85261, 2004
ARQDWBG1187B9891D7, TRAVSQE12903CB6879, 207.17669, 2010
AR9AWNF1187B9AB0B4, TRAVSRW128F4294603, 255.7122, 1983
ARXSABJ1187FB3C336, TRAVSVL128F14B12BE, 237.73995, 1997
AR553M51187B98BCE7, TRAVSSU128F145DDE9, 320.522, 2000
AR1ABAO1187FB531E1, TRAVFEW128F92E2B47, 197.90322, 1971
ARWQ3M31187FB4CF01, TRAVFSW128F145C1D2, 273.84118, 1993
AR21YNH1187FB49649, TRAVFSL128E078E22A, 202.21342, 2002
AR1N6N61187FB4E25E, TRAVFOA128F92F2B38, 428.06812, 1963
ARVJVFF1187B9B40D6, TRAVFJV128F92D2043, 114.07628, 1980
ARN2ZKL1187FB3972B, TRAVFPH128F42621EE, 448.54812, 2000
AROQ9OT1187B99E88D, TRAVDMO12903CDA1DB, 306.96444, 2005
ARHNMEZ11F50C4706C, TRAVDQU128EF34E7A8, 280.5024, 2000
ARHCRIW122988F9BA6, TRAVDRG12903C9A44C, 206.52363, 2009
ARKX0IK1187FB44DE9, TRAVDBV128F424EAD8, 193.72363, 2008
ARY9J9F1187B990241, TRAVDBI12903D105BB, 221.30893, 2005
ARJ438T1187B9AD503, TRAVDQQ128F421B864, 299.31057, 2004
ARGK3QC1187B9B351A, TRAVDDJ128F92EF09C, 203.7024, 1998
AR00MBZ1187B9B5DB1, TRAVDGG128F92E389A, 166.66077, 1995
AR4WHYC1187B9896E7, TRAVELY128F42606F8, 166.86975, 1998
AR5WPYF1187B9B40DA, TRAVEQX128E07864AA, 334.18404, 2004
ARAOPEF1187B995099, TRAVEOQ128F931C8F4, 173.50485, 1950
ARR1R5V1187FB4D234, TRAVLWL128F424EF6A, 185.99138, 2007
ARWX5TK1187FB4CDBE, TRAVLWR128F9316DA6, 167.44444, 2009
ARZVTZN1187FB579D4, TRAVLXZ128F42A22E4, 155.402, 2000
AR163QH1187FB42E0D, TRAVPRG12903CCBF03, 281.86077, 2008
AROBHK51187B9AD82B, TRAVPGQ128E079530E, 217.49506, 2005
ARW1MUW1187FB4D5A1, TRAVPHL128F424EAE1, 188.65587, 2008
AR3USQW1187FB4A90D, TRAVPYY128F92CEBAB, 213.4722, 2008
AR7Q0O91187FB4DBE7, TRAVPOV128F429EC1B, 218.04363, 2007
AR72Q9R1187B98A664, TRAVPHB128F92DA4F5, 295.3922, 2001
ARB1CNO1187FB4CE93, TRAVPSC128F147BEA8, 130.66404, 1989
ARUHYH21187B98BA89, TRAVWZA128F931F36E, 225.43628, 1996
ARDZQ5U1187B9ADEAE, TRAVWTN128F425D2D5, 269.29587, 1986
AR1ZYLH1187B98C159, TRAVWIP128E078FA3D, 330.08281, 2002
AR58SJE1187B9A8E4C, TRAVWVL12903CABEEA, 176.37832, 2001
ARBX0VO1187B98A412, TRAVWVZ128F4239DD1, 205.11302, 1999
ARJ66JQ1187B99D2FF, TRAVWHZ128F932B179, 237.13914, 2004
ARFK4281187FB5C811, TRAVWRV128F427D06A, 456.69832, 1971
AR2XRFQ1187FB417FE, TRAVWYR128F92DED0F, 227.5522, 2004
ARYBGMF1187FB4D82C, TRAVZWX128F92EC110, 255.32036, 2002
ARCID1N1187FB51DA0, TRAVZZV128F42AE511, 275.43465, 2004
ARV8T9T1187B99F3F4, TRAVGNH128F428CBA9, 225.41016, 1994
AR9YI7H1187B9960E3, TRAVGDE128F92F5F5E, 274.54649, 1997
ARWA6NT1187FB3F15C, TRAVGYX128E078E8A8, 209.60608, 1981
ARYTJPJ1187FB4ABCC, TRAVGZF128F4260E6F, 193.67138, 1991
ARAIJG51187B9B97A4, TRAVGFT128F424278B, 205.40036, 1999
ARGNZOL1187FB5CE7C, TRAVGKM128F92C58B4, 131.10812, 1997
ARM5JLS1187FB3615B, TRAVGZS128F9338603, 119.90159, 1968
ARXG6L11187FB5695E, TRAVTWI128F93586D0, 275.90485, 2007
ARFNJ4O1187B9A204B, TRAVTUD128F93094F2, 163.91791, 2000
ARDVZTE1187FB5A0A1, TRAVTEH128E07953EA, 314.20036, 2004
AR3FE581187FB3F90A, TRAVKKG128E0784E75, 283.61098, 2003
AR3KGPQ1187FB53C84, TRAVKGM12903CA66FB, 198.76526, 1994
ARXPE571187FB4AFD0, TRAVKJJ128F424DA32, 291.97016, 1991
ARPQ4Z01187FB3A736, TRAVQBP128F145BB9B, 126.64118, 1993
AR87K371187FB5AA8E, TRAVQPL128F9308D97, 243.98322, 2006
AROP23Q1187B992697, TRAVQIO128E0790E80, 277.08036, 1996
ARZ8MVL1187FB41D17, TRAVQCA12903CA2F92, 233.9522, 2009
AR1N6N61187FB4E25E, TRAVUYA128F92EBE1E, 203.25832, 1995
ARTM0RS1187B9A0BE6, TRAVUOW128F4262955, 229.66812, 1992
AR12F2S1187FB56EEF, TRAVUAJ128E078EDA2, 314.27873, 1988
ARU81FP1187B98C71E, TRAVUYV128F4239504, 130.87302, 1995
ARLDVL71187B9AD7AC, TRAVVIV128F932617C, 285.83138, 1991
ARJUNZD1187B9A5DAE, TRAVVSL128F92F607D, 163.94404, 1964
ARR6LWJ1187FB44C8B, TRAVVRE128F92EC0A9, 163.81342, 1983
ARBEOHF1187B9B044D, TRAVVZW12903CCEEE7, 285.09995, 1985
AR8BUVM1187FB4D94D, TRAVVBW128F42819B2, 401.8673, 2003
ARI2JSK1187FB496EF, TRAVVOP12903CC5771, 179.43465, 1973
ARSQDUN1187B98D7D7, TRBCCAJ128F148CBBB, 196.91057, 1999
AR93K7R1187B9AC92A, TRBCCYW12903CEC282, 276.21832, 2006
AR8Q4RZ1187FB46BDC, TRBCCWW128F933F246, 174.96771, 1983
ARTE6AQ1187B9B2826, TRBCCEG128F9321406, 123.8722, 2003
ARGA5RF1187FB5C7EB, TRBCCJV128F92F23B0, 241.84118, 2003
ARNJVSL1187B99AFD4, TRBCJIX128F424F99E, 272.95302, 2002
ARJVTRE1187B9959C0, TRBCJVF128F14A8A16, 501.2371, 1977
ARKZJ301187FB521B2, TRBCJUF128F93190C2, 277.83791, 2009
ARJ7KF01187B98D717, TRBCJSZ128E07969B5, 269.34812, 2005
AR8L3QV1187FB4C0BB, TRBCJDC128EF35DF44, 398.602, 2006
ARG9CID1187B9AB010, TRBCIDX128F422F215, 223.39873, 2004
ARALUUG1187FB58696, TRBCIUW128F92F6F3D, 190.9024, 2008
AR5GLIU1187FB4638A, TRBCIEV12903CE60F1, 187.53261, 2001
AR40GSU1187FB3AA01, TRBCIXV128F4261F09, 267.57179, 1996
ARKSZW81187B9B695D, TRBCIQL128F427C0AD, 314.122, 1997
AR0S7TA1187FB4D024, TRBCIRO128F42B0277, 236.95628, 2002
AR74J3U1187FB5CDDB, TRBCHEE128F92F82D0, 234.10893, 1995
ARJJRZ41187FB4C856, TRBCHOY12903CD9688, 117.02812, 2002
ARWVOHH1187FB5974B, TRBCHIL128F4281434, 301.13914, 1996
ARN0DMU1187FB5B63A, TRBCHAG128F428CEAC, 276.6624, 1990
ARF1FZV1187B98C928, TRBCHRA128F9357174, 158.82404, 2004
ARGJ0911187FB4613F, TRBCXIX12903CE8449, 180.87138, 1974
AR9696A1187FB550A1, TRBCOJM12903D0136F, 65.61914, 2002
AR3793X1187FB50CB3, TRBCORE12903CD6FA0, 236.35546, 2008
AR0JPOG1187FB37383, TRBCOBZ128F428005D, 233.32526, 2008
ARXSABJ1187FB3C336, TRBCMJT128F14B12CC, 203.59791, 2000
AR5U94U1187FB5CDCF, TRBCMDH128F92FA444, 162.71628, 1965
ARHR5BC1187B9AC348, TRBCMSO128F92E6AE5, 215.64036, 2008
ARBZHTB1187FB3A725, TRBCMNO128F92D58E5, 170.84036, 2008
ARECPYG11C8A42B5BF, TRBCMFZ128F14AFD69, 204.93016, 1982
AR19JS91187B98CB66, TRBCRUH128F930DB67, 338.36363, 1995
AR02IU11187FB513F2, TRBCRCU12903CD3E19, 362.50077, 1987
ARH3TXI1187FB3A486, TRBCRVT128F93073E7, 251.29751, 1994
AR7DFJP1187B992F13, TRBCRDS128F426018C, 401.65832, 2003
AR035N21187FB3938E, TRBCRKF128F14AD398, 214.54322, 2005
AR7U5BZ1187B997FFC, TRBCRDW128F422D8BA, 340.4273, 1999
ARLHO5Z1187FB4C861, TRBCYOI128F1455566, 173.60934, 2004
AR0PUK71187B9AC3C0, TRBCYJZ128F931426B, 201.45587, 1977
AR0NS5Z1187B99AF79, TRBCYXD12903CC7609, 735.60771, 2001
ARAIJG51187B9B97A4, TRBCYYN128F4297CD5, 215.2224, 2001
ARPATQ21187B9ACAFC, TRBCYEC128F423A352, 243.25179, 1988
AR4O3MM1187FB3DF77, TRBCYJG128F93283CB, 243.61751, 2008
ARHCHE61187B9AB217, TRBCYXJ128F42873C3, 177.78893, 2005
ARFKY7F1187FB3EFAC, TRBCACR128F425E727, 211.53914, 1983
ARVXU2X1187B9AE6D8, TRBCANP128F92FA6B9, 331.36281, 2006
ARD6L7O1187B995ADA, TRBCAJY128F932C54E, 277.21098, 1999
ARYG6CU1187FB3852B, TRBCALG128F1483839, 206.75873, 2006
ARWX7AO1187B9B91AA, TRBCADG128F14AB245, 199.94077, 1984
ARZHUJU1187FB51176, TRBCBMO128F92C77B9, 200.51546, 2008
ARW4AGO1187FB4F107, TRBCBVI128F429F994, 170.9971, 1997
ARRT66G1187FB3DDF9, TRBCBYQ128F42981F1, 263.65342, 1971
ARSC6WR1187FB40B18, TRBCBMG12903CDE2A4, 200.6722, 1992
AREW7CO1187B9A1B0D, TRBCBSK12903CA2DD3, 281.12934, 2001
ART6QCS1187FB40CBD, TRBCBVY128F933A195, 223.97342, 1989
AR0VR1O1187B9A0F1F, TRBCBAM128F92E3044, 270.44526, 2007
ARH8B5X1187FB3B6C0, TRBCBLN128F932BC9D, 252.08118, 2004
ARZE0AG1187FB5BF61, TRBCBOY12903CC66C6, 165.74649, 2005
AR37XMN1187B9AC408, TRBCBXZ128F14628C3, 241.8673, 1995
ARM1ELZ1187FB49FC1, TRBCBVO128F92D4299, 247.11791, 2006
AR23C041187FB4D534, TRBCNWM128F92D50EC, 255.63383, 2002
AR0569B1187B9A4036, TRBCNUH12903CC27A5, 284.1073, 1996
AR7N7MI1187FB46935, TRBCNGI128F42597B4, 252.47302, 2000
AR6EVQA1187B9AA1DF, TRBCNSM128F933D958, 162.35057, 1991
ARTBFV61187FB3C250, TRBCSVE12903D13D5C, 148.79302, 1959
ARSW5F51187FB4CFC9, TRBCSSE12903CBE261, 239.35955, 2009
AR0RCMP1187FB3F427, TRBCSTN12903D13548, 173.68771, 1990
ARIZODP1187B9AD272, TRBCSMH128F146A146, 194.61179, 1976
ARCLLH11187FB48DE0, TRBCSPV128F4262DD7, 260.72771, 1994
ARJFOC01187FB413A5, TRBCSYN128F92F4B62, 105.35138, 2000
ARGVJPK1187B9909EA, TRBCSLC128F421BD25, 311.14404, 2008
ARIRCA31187FB58E84, TRBCSDW128F424D686, 209.00526, 2008
AR7AYQG1187B994B3F, TRBCFLI128F429F370, 178.72934, 2003
ARMPQIE1187FB3D4EB, TRBCFNZ128F4241704, 205.29587, 1995
ARW2DG51187B9A170F, TRBCFFD128F92D912E, 263.83628, 2007
AR3KXHI1187FB3A8BF, TRBCFUS128F92C90DD, 159.29424, 2006
AROCBZZ11E2835D652, TRBCDHQ128F92F9AE8, 172.72118, 1967
ARPKATM1187B9B76E6, TRBCDCS128F422F0CF, 111.22893, 1997
ARSKDV01187B98A619, TRBCDEW12903CA9142, 312.45016, 2001
ARUI8651187B9ACF52, TRBCEVJ128F428E090, 307.22567, 1985
ARZ1PTN1187B9967D9, TRBCEAB12903CA10FC, 155.53261, 1992
ARL6FF81187FB5A916, TRBCENO128F146C85B, 210.25914, 2005
ARYFXQ21187FB4DAEF, TRBCEST128F9327FBF, 427.07546, 2001
ARE9SYU1187B9B9838, TRBCLGH12903CCA1D0, 135.18322, 1967
ARZ1PTN1187B9967D9, TRBCLIO128F426E4B8, 163.52608, 1996
ARF3GX71187FB3EB66, TRBCPXR128F42AC544, 160.62649, 2005
AR62MPO1187FB46421, TRBCPKL128F42A97A4, 274.1024, 2000
AROYTOV1187FB4C7F8, TRBCWCQ128F92CDDA8, 131.65669, 2005
ARZVTZN1187FB579D4, TRBCWGM128F428D6FD, 151.58812, 2000
ARDGPFY1187B9A371B, TRBCWOW128F1467692, 213.62893, 1999
ARHRKTK1187B99E1D5, TRBCWCU12903CFB6A2, 120.76363, 1958
ARL5BEN1187B98E4D9, TRBCWQC12903CA45DE, 240.48281, 2003
ARCEEC91187B9AC4FB, TRBCWPC128F42438DF, 301.45261, 2008
ARJG34V1187FB3AC14, TRBCWIA128F4220805, 130.45506, 2006
ARDCFNZ1187FB3DDB0, TRBCWNH128F93103EE, 234.81424, 2008
ARLR9U31187B9A71AD, TRBCZKX12903C9E64C, 220.78649, 1969
AR4BDNG1187FB44870, TRBCGKB12903CC0031, 184.34567, 1981
ARWD3OC1187FB3A666, TRBCGNI128F426C330, 289.04444, 2008
AREUUVW1187B99A697, TRBCGXN128F148C0CD, 191.55546, 1978
ARHPPJK1187B9AC897, TRBCGRI128F93355E9, 221.41342, 2005
ARU9KWP1187B98B2A7, TRBCGHZ128F423B81F, 316.21179, 2007
ARO0R521187B98A2D1, TRBCGXG128F9322DBB, 52.32281, 1994
ARA8O8L1187B9AD61D, TRBCGHP128F933878A, 153.49506, 1980
ARQ3VBJ1187FB3FE55, TRBCGKB12903CFF680, 262.94812, 2009
ARK8EHO1187B9B71D1, TRBCTBL128F931FF29, 600.37179, 1995
ARNPPTH1187B9AD429, TRBCTFW128F931FBE9, 157.02159, 2004
ARWJEOP1187B996538, TRBCTKV128F42222BD, 462.07955, 2007
ARVJVFF1187B9B40D6, TRBCTSB128F931D570, 231.00036, 1982
ARALEAC1187B9902A8, TRBCTBG128F42B7E1B, 266.03057, 2002
ARRJ3UC1187FB579D7, TRBCTRX128F4299237, 237.50485, 2003
ARCEEC91187B9AC4FB, TRBCTEE128F42438DC, 267.25832, 2008
ARSG7NQ1187FB57482, TRBCKSF128F932FA70, 275.3824, 2008
ARK2P961187B9AD524, TRBCKNP128F4222D54, 285.02159, 1991
ARKOETA1187FB36CAB, TRBCKWQ12903CC81E0, 337.76281, 2005
ARJW7KB1187FB47C36, TRBCKRF128F9320920, 230.24281, 2004
ARRTJ3W1187B993212, TRBCKPU128F92D9B79, 291.42159, 2008
ARBS1OC1187FB44CAF, TRBCKNC128F4282300, 258.92526, 2004
ARD5SR21187B9B5F4A, TRBCQDI128EF342954, 194.32444, 2001
ARYZQIU1187FB4BBF8, TRBCQWN12903CDA7EC, 174.10567, 1968
AR6OTKA1187B9B6697, TRBCQLB128F9332CF4, 233.66485, 2009
ARY1QJF1187B98EF3F, TRBCQRZ128F1477E75, 92.00281, 2006
AR508LN1187B996F4E, TRBCQDO128F9314C76, 141.66159, 1992
AR2F0FX1187B9A9ECE, TRBCUST128F932CBA2, 128.33914, 2004
ARJ9DSA1187B990E00, TRBCUUU128F425CA73, 157.20444, 1997
AR5T4YC1187FB5915E, TRBCUBD128F1456B1F, 204.79955, 2001
AR71A931187B99CDD9, TRBCUMB128F14AD232, 69.642, 2004
ARIMZQZ1187B9AD541, TRBCUPT128F1462B73, 201.58649, 2003
AROJVWY1187B9A826C, TRBCULU128F931AABB, 173.13914, 2007
ARNSTES1187FB4FC9B, TRBCUWM128F92FDD7E, 242.6771, 1988
ARC8CQZ1187B98DECA, TRBCUBV128F145F7E9, 215.87546, 2000
AR3QRJ91187B98E4C2, TRBCVVB128F92EB308, 189.85751, 1969
ARAXU5Z1187B98FECD, TRBCVBK128E07813EC, 183.53587, 2001
AR0OTEX1187FB3600D, TRBCVWC128F932F321, 251.21914, 1993
ARXHWL31187FB476F4, TRBCVFF128F4222C3C, 362.34404, 2001
ARBYFR71187B99A2A4, TRBCVKL128F92CE9EF, 144.74404, 2005
AR039B11187B9B30D0, TRBCVKB128F9331EC6, 132.64934, 2004
ARB0WNP1187B9AC4AB, TRBCVXB128F429C17A, 234.05669, 2005
ARCT5P61187FB3D950, TRBCVKD128F1473B98, 236.69506, 1972
AR4IWYN1187FB47DF6, TRBICVB128F9326B65, 201.27302, 2007
AR695PK1187B996E35, TRBICWI128F4234787, 289.77587, 2006
ARM7EDF1187B9B3FA1, TRBICGT128E0792473, 402.36363, 1988
AR6KNZ01187B9A35D1, TRBICPL128F9303BB0, 243.43465, 1995
ARWHVAC123E29C221D, TRBICHF128F92E42FA, 338.72934, 2009
AR0ILWV1187FB47CAA, TRBIJES12903CF5B12, 475.21914, 2006
AR4C6V01187FB3BAF4, TRBIJMU12903CF892B, 386.19383, 1998
AR9JLBU1187B9AAEC4, TRBIJNF128F14815A7, 168.01914, 1998
ARYXOV81187B99831D, TRBIJYB128F14AE326, 209.73669, 2005
ARDK0551187FB5AC48, TRBIJLT12903CE7070, 172.25098, 1989
ARI4S0E1187B9B06C0, TRBIJIA128F425F57D, 314.5922, 1996
ARJGQJD1187B997A00, TRBIJFB128F92ED124, 179.40853, 2006
ARH9HS41187FB5BC6F, TRBIIEU128F9307C88, 208.27383, 2009
ARFILWJ1187B9ADDBF, TRBIIJX128F933AB7D, 150.09914, 2000
ARZL6CE1187FB3F264, TRBIIJY12903CE4755, 231.83628, 1996
ARKZXSQ1187B9AC9F3, TRBIIOT128F423C594, 141.08689, 1978
AR9YWMS1187FB43A34, TRBIHAU128F425C317, 198.53016, 1985
ARAEX7Y1187FB42D36, TRBIHKT128F4290554, 240.61342, 2003
ARNVM131187B990D2B, TRBIHVW128F4233965, 271.43791, 2003
AR0CDSK1187FB52ED6, TRBIAVU128EF3493BA, 238.21016, 2002
ARSHZBZ1187B98A445, TRBIAVP12903CEDA19, 258.7424, 2010
ARDG9Z71187B997023, TRBIAHA128F42A4C9B, 251.50649, 1983
ARBEOHF1187B9B044D, TRBIBLJ12903CCF436, 269.58322, 1986
AR8U8G41187B9A833B, TRBIBTU128F92FDC9D, 369.57995, 2009
ARJG2ID1187B9A767E, TRBIBTE128E078E882, 147.64363, 1980
ARP7ILI1187B9AE9F7, TRBIBGN128F42ADC66, 209.34485, 2004
ARD8JVH1187FB4DA04, TRBIBAQ128F93279F5, 211.1473, 1979
AR0CANF1187B9AF35F, TRBIBOJ128F14618D4, 236.72118, 2001
ARB0WNP1187B9AC4AB, TRBIBKA128F42947BF, 235.98975, 2001
ARW9LQ31187FB4336D, TRBIBVM128F4262E9D, 96.10404, 2006
ARVG4OK1187B9B6BD3, TRBIFGK128F92F23A2, 225.12281, 2008
ARR2BHS1187B9B8FA7, TRBIFUV12903D07374, 224.67873, 1974
ARLLUSZ1187B98ACDC, TRBIFNO128F42702FB, 43.2322, 2001
AREGV3K1187B9AF614, TRBIFWB128F1460D8C, 201.40363, 1981
ARCID1N1187FB51DA0, TRBIDRG128F92FC6E5, 179.64363, 2007
ARRH63Y1187FB47783, TRBIEIZ128F148D778, 247.64036, 2005
ARY8LJ11187FB4019B, TRBIEXO128F429233D, 117.4722, 1964
ARPGYM11187FB4B1E1, TRBIGOC12903CC4FDF, 348.02893, 1999
AR7N7MI1187FB46935, TRBIGRY128F42597B3, 160.62649, 2000
ARD4LQ61187FB470F1, TRBIGUJ128F92D674F, 147.25179, 1991
AR1DLF21187FB3CBF0, TRBIGGV12903CABC77, 270.28853, 2000
AR97V5X1187FB4AE98, TRBIGRZ128E0792329, 199.3922, 1995
ARRSIQ11187B98F216, TRBIGTG128F92EDBAC, 219.01016, 2008
AROGAPH1187B98CF9C, TRBHCQS128F4291D02, 235.02322, 2001
ARX2DLI1187FB4DD03, TRBHCXP128F146D63B, 281.0771, 2005
ARANOZN1187B9B373E, TRBHCXR128F92E7D0E, 183.90159, 1986
AR6G4V01187B9AD086, TRBHJPQ128E078ED8F, 155.61098, 2002
ARJ7BVZ1187B9A845F, TRBHJJH128F9327C91, 377.62567, 2006
AR8B7SK1187FB5322E, TRBHJJP128F145EA12, 295.75791, 2001
ARGNGRI11E2835D567, TRBHJFG128F426C8EA, 231.60118, 1993
AR3THYK1187B999F1F, TRBHJXG12903D15879, 153.70404, 1959
ARJVTRE1187B9959C0, TRBHJAY128F14A9061, 300.14649, 1980
ARVUQIC1187B9A7C66, TRBHIMC128F427680F, 258.89914, 2005
ARL6AH81187FB3B12A, TRBHIIQ128F424AB61, 216.63302, 2002
ARXSABJ1187FB3C336, TRBHIRB128F1452ACC, 334.75873, 2005
ARX134S1187FB46E56, TRBHHUC128F4294C6F, 299.72853, 2006
AR6HLKR1187B9A735A, TRBHHMI128F426779C, 213.55057, 2004
ARLLRL61187B9B6698, TRBHHGM12903CFD7C3, 108.14649, 1967
ARR035B1187B99EF11, TRBHHAC128F92D8379, 304.22159, 2005
ARPEUYM1187FB4A97A, TRBHHCU128F148AF19, 153.67791, 1993
ARRH2S81187B98C8AA, TRBHHWQ128F93321AB, 422.55628, 2002
ARVXKTV1187FB44139, TRBHHUB12903D09FEA, 218.48771, 2009
ARYFAT91187B99FEF5, TRBHXSQ12903D0967F, 309.18485, 2007
ARYB42B1187FB37B01, TRBHXIS128F930BCED, 156.02893, 2003
ARSL3N21187B98DFC5, TRBHXWT128F42931A9, 203.15383, 2007
ARAIABB1187B9AC6E2, TRBHXNG128F423C6B7, 828.05506, 2001
AR14CJ91187FB3A994, TRBHOXV128F92FBB72, 183.50975, 1956
ARNZPLV1187FB3DF5D, TRBHOBW128F429504D, 223.39873, 1991
ARSQDUN1187B98D7D7, TRBHORY128F148D422, 222.14485, 1990
AR9SU0S1187FB53D0F, TRBHOXO128F932A739, 196.23138, 2009
ARB0WNP1187B9AC4AB, TRBHMLU128F429C194, 282.38322, 2006
ARN5W1B1187B98BE10, TRBHMJS128F9359728, 223.29424, 2002
ARY55LO1187B9A3F17, TRBHMZS128F42658FF, 190.74567, 2003
ARQQP3Z1187FB5707B, TRBHMYW128F93086FE, 169.89995, 1997
AR0O3AV1187FB4D030, TRBHMCT128F932C2C2, 158.32771, 2002
ARMD6JB1187FB3B0E7, TRBHRUL12903CCDF09, 316.55138, 2010
ARW63KF1187B98AC48, TRBHRLX128F93466B9, 207.20281, 1971
ARLT4N91187FB533DB, TRBHRGA128F4268884, 193.38404, 2004
ARNVH8S1187FB52F86, TRBHRGS128F92E535F, 206.99383, 2008
ARGC7FQ1187FB409CC, TRBHRKO128F42479B1, 569.20771, 2002
ARW071B1187B9A603C, TRBHYWQ128F4231A3E, 183.74485, 2005
ARWC1WN1187FB516CE, TRBHYBJ128C7196D75, 282.04363, 1987
ARONPP01187B995FB5, TRBHABK128F92F2A3D, 250.01751, 1987
ARRJ3UC1187FB579D7, TRBHAAK128F92E27BF, 68.49261, 2004
ARXG6L11187FB5695E, TRBHADL128F931E5F1, 259.91791, 2009
ARYAEI81187FB3822D, TRBHBWW128F1475058, 312.99873, 2003
ARVQZNK11E2835CDAC, TRBHBIT128F4292E42, 193.95873, 2004
ARN0DMU1187FB5B63A, TRBHBGB128F931E4CF, 170.29179, 1972
AR6EVQA1187B9AA1DF, TRBHNQO128F4257526, 243.17342, 1993
ARTWPGO1187FB52DC3, TRBHNSS128F4228E6E, 233.58649, 2003
AR82GTS1187FB5662F, TRBHNEU128F426E873, 245.73342, 1993
AR9YI7H1187B9960E3, TRBHNCL12903CB6CAA, 251.79383, 2010
ARMB95F1187B9B5B93, TRBHNHZ128F42A6BEF, 231.94077, 2004
ARV2X851187FB41A78, TRBHNUB12903CC2475, 187.76771, 2004
AR2MEUK1187B992D1B, TRBHSMF128F4285B9C, 281.70404, 2004
AR7KA5V1187FB44E6B, TRBHSJB12903CB81AA, 171.67628, 2006
AR5GLIU1187FB4638A, TRBHSOA12903CCC4B2, 184.52853, 2005
ARC3WPR1187B9A183E, TRBHSJU12903CE888A, 237.92281, 2004
ARE0OLY1187B9AD19F, TRBHSJX128F42BAE98, 165.40689, 2008
AR3J4WZ1187B9B17ED, TRBHSDN128F4274E9F, 162.79465, 2006
ARXUCPO12086C169A4, TRBHSVR128F9324499, 166.05995, 1967
ARZ5T871187B9A03F3, TRBHFXV128F92FC754, 423.70567, 2004
ARJ5FD21187FB43F12, TRBHFWZ128F42A2196, 255.16363, 2007
ARYO9BU1187B9ADA88, TRBHFVD128F4248837, 162.06322, 1991
ARWQ2DR1187B98FF28, TRBHFUS12903CA4F1C, 179.61751, 2005
ARIT8YH1187FB43F30, TRBHFAQ128E0791ADA, 297.03791, 1968
ARM2D2V1187B9AEB4F, TRBHFIF12903CF66F4, 179.46077, 2006
ARAXU5Z1187B98FECD, TRBHFBL128F14537D2, 230.47791, 2005
AROW3XO1187B989E72, TRBHDTL128F1468F7D, 393.61261, 1977
ARKQ6QN1187B9B016D, TRBHDLD128F146A756, 327.88853, 2000
AR22KLC1187B98E812, TRBHDGB128F4235137, 192.23465, 1995
ARVQTZP1187FB40283, TRBHDIU128F92E49B7, 259.36934, 1989
AR4CH531187FB4EA21, TRBHDGL128F42324A7, 261.43302, 2008
ARC1CJB1187B99FCA4, TRBHEZF128F932BD68, 115.82649, 2001
ARMJAGH1187FB546F3, TRBHEOR128F429D1B0, 142.36689, 1968
ARMH10M1187FB4184F, TRBHEVR128F4263CE0, 258.2722, 1990
ARAKARO1187B9A1EB6, TRBHEHF128F428385A, 266.94485, 2004
ARGAHPJ11F4C83E988, TRBHEKQ12903CF2B6A, 123.24526, 2008
AREPD8D1187FB3F5BC, TRBHEBY128F148CF2B, 235.65016, 1997
ARO6WZY1187FB3A86E, TRBHEMP128F932DA55, 266.34404, 1994
ARWADDH1187B98FDBB, TRBHESQ128F931BF15, 187.76771, 2002
AR6IJJ41187B98C872, TRBHEQY128F4275F54, 207.98649, 1999
ARH312K1187FB3F1D4, TRBHEVE128F932E1FA, 415.50322, 2002
ARY4M3J1187B9AC94C, TRBHECY128F930A474, 284.00281, 2001
ARH8HRR1187FB5CBE8, TRBHEUX128F425020D, 191.92118, 2007
ARQFPCY1187FB552CE, TRBHLUB128F423E9BD, 195.91791, 2003
AR8V1WA1187B9AD9E9, TRBHLDQ128F423EF10, 160.31302, 2005
ARM6HLK1187FB427F0, TRBHLGE128F42A64E5, 196.33587, 2007
ARVML4B1187FB52324, TRBHLIH128F1473B78, 188.49914, 1974
AR0FGL21187FB56301, TRBHLEZ128F427E5AF, 243.98322, 1978
AR7UBXR1187B9AA0FB, TRBHLTT128F425C30D, 183.01342, 1982
AR9696A1187FB550A1, TRBHLBL12903D0137C, 215.01342, 2002
ARY53RR1187B9AE485, TRBHLBZ128F9300586, 260.44036, 2001
ARHXIOW1187FB3AF67, TRBHPGG128F428C972, 161.01832, 2004
ARHRY5S1187B99B96F, TRBHPVP128E0785A51, 185.10322, 2003
ARCDXI51187FB57A2E, TRBHPLS12903CB0FE6, 276.13995, 2006
ARL6XZC1187FB3936E, TRBHWSJ128F42A6CB3, 164.98893, 2002
ARW1WST1187FB384DA, TRBHWVU12903CD4350, 150.7522, 2004
ARCHKD91187B9A0A42, TRBHZNF128F14989FE, 182.83057, 1964
ARIGAOX1187B9B21C8, TRBHZIX128F421A258, 185.18159, 2006
AR126G61187B9B88A6, TRBHZLI128F931CEF3, 202.57914, 2001
ARMSL551187FB3F4B0, TRBHZAA128F4271AE9, 144.14322, 1998
ARL635X1187B990092, TRBHZUN12903CA60F7, 154.95791, 2009
ARIEIJW1187B98F6DD, TRBHZRN128F92EFF91, 549.3024, 2008
ARTE9CG1187B99B1AF, TRBHZYO128E07862BE, 230.50404, 1998
ARMBDNQ1187FB3F3EC, TRBHZGF128F93576EF, 180.32281, 1993
AR2HXXS1187B9AF3E2, TRBHGUK128E078E031, 203.65016, 1993
ARVADXJ1187B99AA96, TRBHGRU12903CE2C48, 379.32363, 2009
ARBM57Q1187B9AF97C, TRBHGWF128F92C8358, 197.38077, 2000
ARU3YYC1187FB43FEE, TRBHGKH128F427FB11, 191.60771, 1983
ARDGPFY1187B9A371B, TRBHGVH128F148AD73, 205.11302, 2001
ARZBYDY1187FB46DD7, TRBHTWC128F1488B7B, 328.14975, 2006
ARMAC4T1187FB3FA4C, TRBHTOR128F428CADE, 144.01261, 1999
ARZJ4MI1187B9AF5AF, TRBHTKF128F92CC5D2, 253.09995, 2007
ARDIBRT1187B9AF176, TRBHKUE128F429215D, 330.78812, 2007
ARRJ3UC1187FB579D7, TRBHKKJ128F427A3B1, 7.13098, 2002
ARH6W4X1187B99274F, TRBHKXX128F4252D02, 249.93914, 2000
AR7S6JV11A348F0C69, TRBHKYX128F9338977, 263.41832, 2006
AR1VCLT1187FB4C8AC, TRBHKYJ128F429A0A8, 231.33995, 2007
ARNZ70R1187B9A4824, TRBHKMT12903CE4757, 415.4771, 1998
AR9OLFX1187B9A5762, TRBHKSA128F92FDBEA, 146.72934, 1993
ARTQ6AP1187B998A84, TRBHKRZ128EF33DB4A, 240.50893, 2003
ARW1MUW1187FB4D5A1, TRBHKKK128F427E9FF, 203.2322, 2007
ARVMFE61187B992463, TRBHKJC128F1465B49, 212.50567, 2003
ARVBG53119B8668924, TRBHKLV12903CEA0A0, 343.35302, 2008
ARAKARO1187B9A1EB6, TRBHKCL128F425A036, 308.76689, 2004
ARFNJ4O1187B9A204B, TRBHQUM128F9309DE1, 237.00853, 2005
AR9YWMS1187FB43A34, TRBHQHN128F148A1B3, 298.57914, 1991
ARILV5E1187B9959C8, TRBHQHE128F4230865, 333.89669, 2007
AR3O66A1187FB39519, TRBHQXZ128F42408ED, 232.202, 2002
AR80RBU1187FB3757D, TRBHQQY128F931BBFA, 156.05506, 2005
ARPNY981187B9ACB75, TRBHQDN128F4276D66, 259.02975, 2008
ARU9KWP1187B98B2A7, TRBHUCN128F932E8D7, 311.11791, 2009
ARH0NCL1187B99B41A, TRBHUQK128F14ACB31, 133.98159, 2002
ARE36MM1187B991E50, TRBHUOU128F423625E, 178.38975, 1926
AR5OB9M1187FB52F29, TRBHUVB128F148ADB8, 226.2722, 2002
AR0XSOO1187B9B9E88, TRBHUBB128E0782209, 135.23546, 2008
ARBFDJW1187B9AD27A, TRBHVSO128F92EFA78, 154.53995, 1979
ARY80281187FB3E380, TRBHVLH128F92F2369, 183.35302, 2006
ARS10A81187B9B6E16, TRBHVTI128F934DAA4, 384.54812, 2004
ARTAFV91187B9BA17C, TRBACGF128F92C5774, 228.96281, 2003
ARE9Y761187B98AEB6, TRBACUF128F4247F8C, 293.66812, 1999
ARKL75U1187FB5B8B6, TRBACAA12903D0575F, 216.08444, 2010
ARUYGJ31187B9A2FEA, TRBAJRL128F1482E66, 282.04363, 2006
ARU5CP31187FB44C3A, TRBAJXD12903CC3493, 220.05506, 1997
AROMB601187B991317, TRBAJLS128F92F1460, 174.49751, 2006
AR3752L1187FB4B67E, TRBAJGK128F4244B16, 263.75791, 1977
ARQC4R31187B9A0D88, TRBAJJL128F92ED53A, 172.61669, 1991
ARZP2M21187FB59C63, TRBAJWG128F4253F25, 200.51546, 2006
AR7Y6JX1187FB4D9B3, TRBAIAU128E078D934, 163.18649, 1995
ARSEC9Q1187B98912D, TRBAIKM12903CBCF21, 280.11057, 1995
ARK8OHG1187B99016A, TRBAISB12903CF1054, 325.17179, 2000
ARVEXQ51187B9B8237, TRBAIEK128F932CCF7, 271.22893, 2006
AROLDZG1187FB50AFB, TRBAIDT128F92CC7ED, 217.80853, 2008
AR8M6LC1187B998D48, TRBAIAW128F92C5652, 226.92526, 2003
ARDBSFT1187B9AC9C1, TRBAIHN128F427D480, 144.71791, 1999
ARA1UU51187FB5A70B, TRBAHBP128F42985D6, 73.09016, 1982
ARF1LT21187B989EEB, TRBAHYS12903CDB329, 257.27955, 2006
ARC6UC81187B989062, TRBAHNM128F426895A, 71.05261, 2000
AR4B3RX1187B9A868A, TRBAHYD128F14AD4C0, 177.03138, 2005
AR557N41187FB3E67F, TRBAHJW128F92CC8B4, 509.49179, 2007
AR6PJ8R1187FB5AD70, TRBAHID128F4278EAF, 224.522, 2001
ARRJ3UC1187FB579D7, TRBAHEH128F9327D39, 208.29995, 1997
ARS0W831187B9AF0B7, TRBAHXJ128F9339A02, 228.80608, 2001
AROCBZZ11E2835D652, TRBAHSQ128F1492A8F, 129.90649, 1965
ARVEJ9M1187FB4DC44, TRBAXUW128F933BBD9, 189.85751, 1999
AR2FAMK1187FB4CF60, TRBAXDP12903CD1922, 223.29424, 2009
ARNNQBT1187FB437C1, TRBAXSM128F427B26E, 308.76689, 2008
ARGNQED1241B9C4237, TRBAXCB128F931C8AF, 235.20608, 2008
AR4PQ891187FB5CA9F, TRBAXCV12903CA4067, 226.58567, 2006
ARN2ZKL1187FB3972B, TRBAOJU128F42621E6, 190.95465, 2000
AR3LA671187FB567E4, TRBAODV128F146C606, 189.33506, 1997
AR6AGJV1187FB504BA, TRBAOKR128F4235EA9, 382.51057, 1999
ARXKPYC11E2835E356, TRBAODV12903CDC484, 368.16934, 2007
ARYNX5Z1187B999686, TRBAOEO12903CC5BD3, 374.96118, 1989
AR7C6G11187B9B4C1E, TRBAOTY128F9327A9C, 220.55138, 2002
AR2MEUK1187B992D1B, TRBAOHM128F427EB66, 302.00118, 2002
AREBWEH1187B99EA9A, TRBAOIA128F932195E, 625.57995, 1995
AREPD8D1187FB3F5BC, TRBAOXY128F933D3C8, 231.36608, 2010
ARNLO5S1187B9B80CC, TRBAOVA128F92F4355, 199.10485, 1983
ARF5M7Q1187FB501E8, TRBAMHJ128F9302A08, 261.61587, 2002
AR5BBK81187B990027, TRBAMFR128F4287A3C, 336.92689, 2003
ARWBL9E1187FB4E695, TRBAMLH128F9324758, 214.69995, 2005
AR6IRG41187B9A4D98, TRBAMFU128F932DB49, 123.61098, 2000
AREKO1L1187B997EFE, TRBAMEV128F148C814, 248.24118, 2005
AR56P361187B9AC4DB, TRBAMES128F14947D4, 306.72934, 1992
AR7N7MI1187FB46935, TRBARSX12903D03AE5, 234.26567, 2010
AR5AXVN1187B9A2761, TRBARCH128F92FB2A9, 183.30077, 1999
AR12F2S1187FB56EEF, TRBARHH128E078EDE9, 329.69098, 1989
AR59C6A1187B9B2143, TRBARJK128F9313126, 103.00036, 2003
AR2SMD91187B9B0582, TRBAYER128F933D3B7, 142.73261, 1992
ARMB95F1187B9B5B93, TRBAAOC128F42A6BEA, 85.96853, 2004
ARDK6QW1187B9B8D85, TRBAAXL12903CE78EE, 116.1922, 1993
ARSYHZ21187B99F5F5, TRBAADN128F426B7A4, 251.76771, 2003
ARM4WGN1187FB3C746, TRBAAUV128F429553C, 207.20281, 2006
ARXAFO11187B9AEBFE, TRBAAGQ128F148D17E, 243.17342, 1993
AR2C9UQ1187B98E69F, TRBABQS128F4254688, 189.93587, 1997
ARZ7IH41187FB3B8F5, TRBABHR12903CBCE9C, 263.88853, 1993
ARRI5MR1187FB47CAB, TRBABJK128F93330A6, 345.5473, 2008
ARGNZOL1187FB5CE7C, TRBABAC128E07852A8, 130.76853, 2003
ARSFK241187B9BA38E, TRBABGU128F93391B2, 268.90404, 2003
ARNVM131187B990D2B, TRBABBT128F9327213, 195.18649, 2009
AR2MD2P1187FB5B328, TRBABKP128F932D6FC, 244.76689, 2003
AR3793X1187FB50CB3, TRBABQW128F148C7FB, 308.45342, 1985
ARK3PWH1187B9A441D, TRBANBC128F147E363, 264.01914, 2006
ARWJAQ81187FB46F73, TRBANHU128EF35EB62, 431.72526, 2006
ARB5TJM1187B9A71FD, TRBANZN12903CA2CE7, 214.30812, 2010
ARVEJ9M1187FB4DC44, TRBASFU128F933BBF0, 247.32689, 2001
ARPAAHK1187B9ABB00, TRBASRX12903C9FDA8, 217.62567, 2005
AR7ISJJ1187B9B2CD6, TRBASDY128F9327DB8, 169.482, 2005
ART3O5Z1187B9AB043, TRBASHV128F92E5A7A, 368.63955, 2005
AR813LR1187FB3F83A, TRBASEK128F9338E0F, 172.61669, 2004
AR07HWO1187B9A2189, TRBAFFH12903CEF247, 150.49098, 2000
ARUKN9H1187B9B71C8, TRBAFWX12903CA9831, 263.52281, 2009
ARCEEC91187B9AC4FB, TRBAFIP128F42438D8, 268.2771, 2008
ARW9FP41187B98C2A7, TRBAFJQ128F4259FB5, 385.01832, 1992
ARCDXI51187FB57A2E, TRBAFRG12903CB0FF5, 395.85914, 2006
ARXTUHV1187B99268F, TRBAFTU128F1458496, 348.52526, 2007
AR0A30G1187B9B183B, TRBAFQZ128F4282B20, 118.30812, 2002
ARZ7IH41187FB3B8F5, TRBADZM12903CBCEA0, 84.74077, 1993
ARKO7AO1187FB5664B, TRBADGD128F427D654, 44.59057, 2000
AR93K7R1187B9AC92A, TRBADTN12903CF9752, 265.7171, 2001
ARNTTHK1187B98FF64, TRBADGN128F42AA534, 207.62077, 2005
AR10USD1187B99F3F1, TRBADFY128F422F325, 214.04689, 2006
AR77B521187FB4CC70, TRBADJM128E078CEF4, 271.25506, 1994
ARW071B1187B9A603C, TRBAEJD128F4264B50, 216.81587, 1996
ARY5TFK1187B9BA2BD, TRBAEYW128F147D9EA, 205.92281, 2006
ARHR5BC1187B9AC348, TRBAEHW128F9316423, 225.48853, 2009
AR03BDP1187FB5B324, TRBALRR128F429625D, 196.80608, 2000
AR5OH2Z1187B9A46A9, TRBALIJ128F14884B5, 221.43955, 1990
AR0RCMP1187FB3F427, TRBALVT128F145B6CB, 159.81669, 1976
ARHRY5S1187B99B96F, TRBALEH128E078B419, 189.09995, 2005
ARKMIBT11F4C8430D9, TRBAPBU128F9304E1B, 107.98975, 2007
AR5MK521187B98E0B8, TRBAPPF128F4243DA5, 287.39873, 1996
ARX9YIP1187B98A656, TRBAPVL128F428CD92, 259.97016, 1985
AR0WLH6119B8669027, TRBAWKB128F931BAEE, 301.16526, 2008
ARHJJ771187FB5B581, TRBAWHU128EF3563C5, 184.05832, 1982
ARO0QD41187FB3AB0A, TRBAWQK128F42743A9, 236.48608, 2000
AR05IU31187B9B9A1A, TRBAZKT128F931F671, 186.09587, 2009
AR85QTQ11A348EFF96, TRBAZFD12903CB641D, 233.79546, 2009
ARSYHZ21187B99F5F5, TRBAZEZ128F426B796, 237.53098, 2003
ARNVM131187B990D2B, TRBAZMR128F423395F, 274.1024, 2003
AR76DOS1187FB5AE78, TRBAZYH128F4288198, 267.33669, 1988
ARMBDNQ1187FB3F3EC, TRBAZHZ128F93576F2, 173.89669, 1993
AR4EVIX1187B993DE9, TRBAGJB128F92CFB0E, 188.65587, 1998
ARGBR4I1187B99D073, TRBAGMH128F423A574, 159.65995, 2008
ARD1XMG1187FB41229, TRBAGVS128F931E395, 80.61342, 2009
AR4AR1R1187B98E76F, TRBATKI128F4284D54, 260.96281, 2001
AR8AZTM1187FB3FB9C, TRBATSC128F427D709, 252.13342, 2008
ARZ78EG1187FB4638E, TRBATOI12903CEFF3A, 139.17995, 2003
AROSW2I1187FB44866, TRBATOU128F4236287, 295.31383, 1999
AR1WU211187FB57E2B, TRBATJY128F4248894, 349.20444, 1992
AR11NP91187B9901B4, TRBAKER128F1495617, 329.45587, 1990
ARNEL2O1187FB4421A, TRBAKJC128F93399FB, 159.00689, 1940
ARKR75V1187FB3D4D5, TRBAKRM128F4248228, 154.30485, 2008
AR91BST1187B98F9A8, TRBAQSH128F4262B12, 353.69751, 1997
AR03BDP1187FB5B324, TRBAUVN128F932FEF8, 211.01669, 2000
ARE2QID1187B98FA19, TRBAUFY128F4260113, 190.27546, 1965
AR1XE381187FB4C685, TRBAUDE128F428E913, 422.73914, 1999
ARR6LWJ1187FB44C8B, TRBAUXT128F147DF5A, 246.17751, 2004
ARPAAHK1187B9ABB00, TRBAUHT128F92F0657, 248.05832, 2008
ARF3FRP1187B9A77BF, TRBAUFL128F429CD53, 229.56363, 1999
ARH3TXI1187FB3A486, TRBAULO128F93300AE, 282.20036, 2005
ARZO73F1187FB4BF23, TRBAVWG128F1495881, 498.33751, 1973
ARNHJHU1187B98F79C, TRBAVVM128F4250938, 190.87628, 2004
ARWIGX11187FB3AC96, TRBAVCU12903CFDEFD, 139.2322, 2005
AR4JY8V1187B98A62F, TRBAVNX128F930C861, 304.71791, 2005
AREAEX91187B98DC01, TRBAVLT128F428F147, 276.74077, 2003
ARIOJO01187B9B31B1, TRBAVQR12903CBFAE2, 186.09587, 2006
ARD8JVH1187FB4DA04, TRBAVMF12903CEA4FB, 249.83465, 1974
ARALP6I1187B989E27, TRBBCOM128F92F1208, 132.33587, 1963
AR1DR0E1187FB48F61, TRBBCZA128F146587F, 124.83873, 2002
ARC8CQZ1187B98DECA, TRBBCUA128E078FA50, 207.09832, 2000
ARAI2ZO1187B9A0536, TRBBCVJ128F425BE2C, 266.1873, 2004
ARHRKTK1187B99E1D5, TRBBJKY128F931FB24, 128.93995, 1958
ARQOATR1187B9AE959, TRBBJAJ128F425DA40, 229.61587, 2003
ARCP94M1187B9B0F56, TRBBJBO128F92EB2C5, 215.43138, 2000
ARZS5VW1187FB567E8, TRBBJVD128E07826F3, 339.80036, 1993
ARCZ20M1187FB49687, TRBBILK128F14A2FD6, 329.35138, 1993
ARP7ILI1187B9AE9F7, TRBBICL128F42ADFD3, 120.65914, 2004
ARKCYJV1187FB392E9, TRBBILZ12903CB422C, 153.23383, 2006
AR23MLO119B8668CDA, TRBBISD12903CF8B3E, 441.99138, 2008
ARRWDU31187B9B5656, TRBBIYI128F92E13CC, 147.64363, 2002
AR5ZVJ91187B99083A, TRBBIBE128F4226E29, 201.24689, 1996
ART6QCS1187FB40CBD, TRBBHQO128F9341FC8, 153.57342, 1997
AR2S4CA1187B99632E, TRBBHLO128F9302EA4, 263.83628, 2003
ARYVGP31187B9A531A, TRBBHPQ128F145A7F8, 216.86812, 1987
ARWGIFV1187B989947, TRBBHZV128F429A392, 265.24689, 1999
AR9OLFX1187B9A5762, TRBBHUR128F92FDBE2, 172.09424, 2000
ARDHWW41187B9A86B0, TRBBHFE12903CA5EEB, 225.67138, 2002
AR0N9BV1187FB3AD01, TRBBHHP128EF365DA0, 166.3473, 1986
ARRHVGT1187B98D603, TRBBHUW128F429476F, 148.29669, 2000
AR05IU31187B9B9A1A, TRBBXLI128F931BC58, 216.58077, 2009
ARBM57Q1187B9AF97C, TRBBXTY128F427EA62, 203.54567, 2003
ARVJ6541187B9A4C3E, TRBBXML128F4256DFF, 264.6722, 2007
ARNLE621187B98ECB5, TRBBXGU12903CCC870, 199.83628, 2009
ARFKYG51187FB4CE41, TRBBXEG128F424EC2C, 200.9073, 1979
ARKSZW81187B9B695D, TRBBXSE128F42798F6, 301.19138, 1997
AR2BG0R1187FB398C3, TRBBOKQ128F933AE7C, 157.36118, 2007
ARCHKD91187B9A0A42, TRBBOPV12903CFB50F, 177.81506, 1991
ARWPYQI1187FB4D55A, TRBBOUN128F425A4E6, 215.09179, 1993
AR7BMMV1187FB5B2D7, TRBBOBQ12903CC5186, 250.53995, 1988
AR7PPJV1187FB397CC, TRBBOUO128F92D246B, 315.14077, 1996
ARNMWP51187FB3E963, TRBBOFH128F14A2A46, 411.92444, 1979
ARGNGRI11E2835D567, TRBBMAL128F146B288, 405.41995, 1999
ARV8T9T1187B99F3F4, TRBBMXI128F428CCD1, 332.06812, 1992
ARF5M7Q1187FB501E8, TRBBMQN128EF35F995, 181.52444, 2002
ARYGSFW1187FB519B1, TRBBMPH128F1469775, 193.56689, 1988
ARUQ6301187FB54EBA, TRBBMHE128EF341D09, 207.62077, 1988
ARQDWBG1187B9891D7, TRBBMDA12903CB688E, 280.08444, 2010
ARG4KW31187FB51B7C, TRBBMIF12903CA1EB0, 159.60771, 1972
ARB4ROA1187B9ACAEC, TRBBRRS128F4256EEF, 199.75791, 1994
AR3QRJ91187B98E4C2, TRBBRJN128F425C040, 151.09179, 1969
ARIHI8H1187B9B0058, TRBBRFQ12903CE2997, 179.09506, 2003
ARWVOHH1187FB5974B, TRBBRTY128F4260973, 150.56934, 1995
AR9W3X91187FB3994C, TRBBYDT128F14805B4, 174.23628, 1990
ARXJSHW1187B9A2A52, TRBBYGX12903CEF0BC, 280.2673, 2001
ARQ76LG1187B9ACD84, TRBBYOI128F4256732, 133.25016, 1985
ARZVTZN1187FB579D4, TRBBYFJ128F42A22D4, 108.19873, 1963
AR0JPOG1187FB37383, TRBBYYL128F4236EBC, 313.15546, 2005
ARY4M3J1187B9AC94C, TRBBAQJ128F92F1336, 276.45342, 1976
ARUJ5A41187FB3F5F1, TRBBANR128F4277C5B, 406.85669, 1992
ARXW2MN1187B9B8817, TRBBARP128F9306CBE, 210.07628, 2001
AR5IDI61187FB43E75, TRBBADO12903CEE832, 353.69751, 2006
ARVUQIC1187B9A7C66, TRBBASV128F427680E, 331.88526, 2005
ARN03F71187FB4E3F4, TRBBANU128F422B87B, 288.49587, 2006
ARYS9L21187FB367E4, TRBBAHD128F428E0FE, 387.16036, 1987
ARPKK761187FB4D53C, TRBBAKH128F92FA339, 222.9024, 2006
ARI28VJ1187FB4EAD7, TRBBBKS12903CDFCF4, 465.6322, 2006
ARS0W831187B9AF0B7, TRBBBEA128F93391BA, 174.23628, 2004
ARLAEJO1187B98DB85, TRBBBMT128F42A0A4E, 237.92281, 1992
ARHUC691187B9AD27F, TRBBBUG128F148D65B, 266.47465, 2003
ARE26EG1187B990AEF, TRBBBLA128F424E963, 232.4371, 1995
AR0O3AV1187FB4D030, TRBBBOA128F42624DA, 92.18567, 1999
ARDE52X1187FB438CD, TRBBNRP128F92EDD9D, 220.26404, 1995
ARG09R51187FB4D5C2, TRBBNML12903CBD2B3, 245.81179, 1999
ARD5K161187B9AC784, TRBBNHZ128F423E599, 478.45832, 1994
AR07VS41187FB37944, TRBBNTP128F92D934C, 193.90649, 1995
ARJXZX41187B9B6A43, TRBBSBF128F14687A4, 414.24934, 1996
AR7CCCC1187FB578FF, TRBBSFL128F931798C, 151.09179, 1959
ARSG7NQ1187FB57482, TRBBSGI128F9309855, 214.33424, 2008
AR0CWOB1187B99FA08, TRBBFLM128F14AD269, 91.21914, 2002
AR8E1KA1187B9A18C3, TRBBFMN128F421AF38, 154.06975, 2001
ARDK0551187FB5AC48, TRBBFRR128F426CD17, 187.16689, 1991
ARNZPLV1187FB3DF5D, TRBBFOT12903CBCB4F, 86.88281, 1997
ARIF6IS1187B98FDEB, TRBBFHG128F932B9D6, 484.10077, 1998
ARQQP3Z1187FB5707B, TRBBDLG128F9308703, 201.42975, 1997
ARJIE2Y1187B994AB7, TRBBDDG128F14743AE, 157.93587, 1994
ARLDW2Y1187B9B544F, TRBBDXO128F14A4737, 136.12363, 1989
AR06EHB1187FB42914, TRBBDZF128F424BE45, 238.23628, 2008
ARM63WJ1187B9951EA, TRBBDPA12903CCCA06, 277.75955, 2009
ARW9SN11187FB52D0D, TRBBDAH128F92E625E, 174.91546, 2001
ARQVLQJ1187B98F11F, TRBBDIU128F1496C52, 232.12363, 2000
ARF3GX71187FB3EB66, TRBBEGG128F9314BAA, 198.42567, 1993
AR2K2CM1187B98D4F1, TRBBEEP128F147F1BF, 173.08689, 2005
ARU9KWP1187B98B2A7, TRBBEYU128F4235623, 240.71791, 2005
AR08DYV1187B99A0D7, TRBBEHB128E0784F71, 237.19138, 2003
AR95CRV1187B9AFD6D, TRBBECU128F931E67C, 229.45914, 1997
ARW45YR1187FB3DE95, TRBBLTV12903CC3C00, 277.21098, 1994
ARC95UW1187B9B9A62, TRBBLUO12903CEDBD2, 160.93995, 2003
ARAIABB1187B9AC6E2, TRBBLCU128F423C5DA, 304.14322, 2005
ARKBTPV1187FB38A79, TRBBLFA12903CDC496, 168.72444, 1994
ARU2I2B1187FB472E8, TRBBLTE128F42558EF, 224.41751, 2007
ARLV03V1187B9A33A9, TRBBLGX128F92D46B8, 487.33995, 2005
AR71A931187B99CDD9, TRBBLYZ128F4269606, 95.9473, 2003
AR7Y8LR1187B991B6F, TRBBLUS128F4276631, 183.19628, 2001
AR82GTS1187FB5662F, TRBBLOQ128F930C9DE, 303.75138, 1984
ARWX7AO1187B9B91AA, TRBBPPB128F14AB242, 191.21587, 2008
ARLAWDD1187FB48367, TRBBPSX128F93332EE, 112.90077, 2000
ARMHR011187B9A62B5, TRBBPGL128F933E34C, 311.19628, 2005
ARTBFV61187FB3C250, TRBBWCP128F935F6DB, 138.86649, 2005
ARUJ5A41187FB3F5F1, TRBBWDJ128F42595D5, 142.23628, 1981
AR0GGKI1187FB391D5, TRBBWIP128F4287400, 243.17342, 2007
ARWC3XN1187B9A8D82, TRBBWNS128F426F760, 346.51383, 2007
ARGLOWN1187B99C06D, TRBBZFO128F932CD27, 166.21669, 2006
ARSPUJF1187B9A14B8, TRBBZOG128F422B02B, 119.40526, 2008
AR40GSU1187FB3AA01, TRBBZQM128F931A529, 194.40281, 1972
AROZNFA1187B99D367, TRBBZJW12903CF71A6, 405.10649, 2006
AROKAO61187FB38105, TRBBZWC128F93172DA, 136.202, 2004
ARTE6AQ1187B9B2826, TRBBZRF128F9321407, 165.3024, 2003
ARN3O411187FB4D859, TRBBGMD128F4229F92, 336.09098, 2002
ARXK4YK1187FB4D0C4, TRBBGUV128F92DFA21, 328.48934, 2009
ARMDE3V1187FB3EEFB, TRBBGOG128EF33EDCA, 292.57098, 2004
AR0V36F1187FB366B1, TRBBGFR128F427B5BD, 231.1571, 1977
AR4TLW81187B99683D, TRBBGDK128F427D450, 244.4273, 1998
AR9LT7R1187FB4543A, TRBBGMS128F424C656, 207.41179, 1990
ARH6W4X1187B99274F, TRBBGQN128F9310CBE, 204.06812, 2009
ARW3V6T1187B9ACAC4, TRBBTLA128F4226907, 225.90649, 2004
AR60ZZX1187FB52E29, TRBBTQB128F92FAB03, 256.1824, 2009
AR5TQ1T1187FB59492, TRBBTSI128E0790E7B, 184.99873, 1997
AR1OBRC1187FB59AD4, TRBBTUD128F42A10A3, 206.44526, 2002
ARVNGA71187FB3C107, TRBBTZW12903CE7495, 207.80363, 1998
AR82DJK1187B991107, TRBBKMZ128F93539F4, 217.88689, 2004
ARWUK9L11C8A42C37B, TRBBKIH128F9343FD4, 370.85995, 2007
ARPKMIM1187FB397DE, TRBBKAI128F4251AEF, 228.8322, 1984
AREMOC71187B996C2F, TRBBKXZ128F4215C88, 273.13587, 1994
ARKJKVO1187FB49D0A, TRBBKUZ128F92C9D49, 230.24281, 2006
ARPDVPJ1187B9ADBE9, TRBBQGV12903CB5CD3, 338.75546, 2004
ARAZCWP129462A97F1, TRBBQPP128F92EE611, 320.15628, 2007
ARC8CQZ1187B98DECA, TRBBQFV128F4252EFF, 236.19873, 2008
ARD842G1187B997376, TRBBQJZ128F92C5AF2, 280.65914, 1992
ARDY3451187B9A0226, TRBBQHG12903CB5AD2, 146.28526, 1988
ARNBIUE1187FB3E846, TRBBUPS12903CFC938, 277.55057, 2006
ARSS4Y41187B9B0AC6, TRBBULA128F146E122, 147.43465, 2005
ARH0Z131187B9B69E9, TRBBUCK128F42AFAD6, 397.5571, 1991
ARBEOHF1187B9B044D, TRBBUHZ128F428F001, 277.99465, 2008
ARQ2PMX1187FB38D62, TRBBVBM128F92D07F1, 238.21016, 2008
AR3KXHI1187FB3A8BF, TRBBVTH128F92F3B6F, 169.09016, 2008
ARTDQRC1187FB4EFD4, TRBBVNR128E078E1E4, 196.362, 2000
ARLLUSZ1187B98ACDC, TRBBVAH128F4270300, 108.2771, 2001
ARORFIN1187FB3BE5C, TRBBVPM12903CDB094, 223.52934, 2006
ARMPRI31187FB4F7D9, TRBBVFT128F42ABB02, 575.58159, 1977
ARHPPJK1187B9AC897, TRBBVBM128F4276D82, 274.70322, 1991
ARTPCQ41187B9AB42C, TRBBVYI128F4291603, 142.65424, 1986
ARF3GX71187FB3EB66, TRBBVSO128F9341C12, 181.86404, 1999
AR8SRQ31187FB4D477, TRBBVFB128F1461507, 145.00526, 1970
ARM7C1Q1187FB471C8, TRBFCSV128F92EF7B9, 223.76444, 2005
ARAA88L1187B9A29C1, TRBFCZL128F42915B0, 126.17098, 2005
AREMPZY1187B9B8FF3, TRBFCKI128F4250666, 72.4371, 2008
AR74Q3R1187B9B24C3, TRBFJNF128F1462488, 153.44281, 1997
AR6PJ8R1187FB5AD70, TRBFJPO128F4295BE3, 366.70649, 1995
ARA7EEC1187FB4C392, TRBFJOE128F9326B03, 197.85098, 2009
ARNVH8S1187FB52F86, TRBFJMI128F92E535C, 212.24444, 2008
AR8LMZM1187B9A8160, TRBFJGB128F42612B1, 218.64444, 2005
ARPQ4Z01187FB3A736, TRBFJKU12903CEDB0C, 263.70567, 1987
AROBHK51187B9AD82B, TRBFIAK128E07823AA, 164.54485, 2003
ARPKK761187FB4D53C, TRBFIHG128F4289CF9, 99.49995, 1997
AR2CM6U1187B999EB7, TRBFIBL128F423AC68, 329.01179, 1995
ARJ45SE1187FB44AD1, TRBFIUJ12903CFEB7C, 270.13179, 2008
AR4YY6D1187B9AEC44, TRBFHZG128F9310D3C, 222.14485, 1969
ARDFZE61187FB45994, TRBFHUS128F932F7BE, 298.89261, 2004
ARROQSO1187B9AEB80, TRBFHSR128F1472A36, 355.73506, 1986
ARYYCVC1187B9A8510, TRBFHRA128F424D28A, 187.03628, 1991
ARNPPTH1187B9AD429, TRBFHWD128F148D15D, 184.78975, 1988
ARCEOW71187B9A5A71, TRBFHCP128F4265101, 424.22812, 1986
ARF3HEO1187B9AF2F4, TRBFHQG128F93092E5, 302.36689, 2000
AR49IQD1187FB37EA7, TRBFXOQ128F426A061, 213.78567, 2000
ARNPPTH1187B9AD429, TRBFXQT128F148D15B, 207.72526, 1988
ARXLMH011C8A415658, TRBFXMJ12903CB50F6, 214.9873, 2008
AR2GU4Y1187B99F35E, TRBFOQI128F93428AC, 579.44771, 1973
AR4QYVC1187B99985B, TRBFOKS12903CA0692, 327.47057, 2004
ARDZQ5U1187B9ADEAE, TRBFOEA128F425D2DB, 354.35057, 1986
ARW45YR1187FB3DE95, TRBFMGE12903CDECE5, 238.10567, 1975
ARFCUN31187B9AD578, TRBFMTO128F9322AE7, 242.20689, 1981
ARO4WQR1187B9B9825, TRBFMGQ128F931E0A0, 258.89914, 1999
AREHK7O1187B9ADDD7, TRBFMAS128E078F352, 255.39873, 1998
ARE36MM1187B991E50, TRBFMCN128F423625D, 175.15057, 1926
ARUSOMY1187FB4D3B4, TRBFRMV128F42214A6, 99.00363, 2003
ARKU2GK1187B98C8AB, TRBFRZI128F427E827, 260.51873, 1992
ARW63KF1187B98AC48, TRBFRYS128F1468FA5, 266.29179, 1994
ARBCUNV1187B98A9FB, TRBFRZX128F9341EAE, 231.49669, 2001
ARLWR721187B9A03C9, TRBFRPH128F42593D2, 210.75546, 1992
ARG8DXO1187B9AF743, TRBFRFR128E0781C86, 125.28281, 1996
ARKQN8X1187B99221C, TRBFYIZ128EF34C3C7, 183.97995, 2007
ARKNOZU1187FB5A371, TRBFYKT128F428AFF7, 265.24689, 2000
ARNQ7UN1187B98EE77, TRBFYFA128F14A0E53, 389.61587, 2004
ARCLBZ01187B98D025, TRBFYZQ128F932CC82, 198.26893, 2005
ARHD3RX1187FB3A7DA, TRBFYJE128F14A8ABF, 266.05669, 1982
ARHRY5S1187B99B96F, TRBFAWM128E0785A59, 98.89914, 2003
ARVZWQ31187B9B8946, TRBFAHF128F42A1F03, 136.17587, 2007
ARQ3VBJ1187FB3FE55, TRBFAON128F9313C62, 70.05995, 2009
ARKOETA1187FB36CAB, TRBFAGW12903CC81E2, 259.02975, 2005
ART5IUL1187B9B0143, TRBFALE128EF341C77, 180.81914, 1994
ARNJCYH11C8A42AC5F, TRBFAPA128F9353136, 150.282, 2006
ARHSMIG1187B99C199, TRBFANX128F42934C3, 224.07791, 2001
ARU9KWP1187B98B2A7, TRBFATS128F9319AEB, 125.77914, 2004
ARXW2MN1187B9B8817, TRBFAMR128F9306CC5, 236.43383, 2001
ARMSW7X1187FB5B504, TRBFAMN128F42367B5, 225.25342, 2005
AR2VROU1187FB532D7, TRBFBLS12903CBBABB, 128.1824, 1994
ARLR9U31187B9A71AD, TRBFBQO12903CE7ACD, 347.53261, 1996
ARSQDUN1187B98D7D7, TRBFBOG128F9356C6E, 291.16036, 1992
ARYO9BU1187B9ADA88, TRBFBAB128F4227B85, 441.88689, 2002
AR60C3O1187FB46737, TRBFBRX128F148C4F1, 220.83873, 1990
ARQ3VBJ1187FB3FE55, TRBFBQG128F9313C6D, 192.86159, 2009
ARHRKTK1187B99E1D5, TRBFBYF12903CFB6B4, 182.49098, 1993
ARL3VGT1187FB40E8E, TRBFNOR128F933B0F5, 151.92771, 1988
AR4GAFY1187B9B639D, TRBFNLX128F4249752, 170.68363, 1956
ARSJ46X1187FB4A62A, TRBFNOL128F930AA0B, 239.90812, 2009
AR12F2S1187FB56EEF, TRBFNMG128F4278109, 241.8673, 1979
ARUKN9H1187B9B71C8, TRBFNBC12903CA9800, 202.91873, 2009
AR74Q3R1187B9B24C3, TRBFNZT128F429201E, 238.54975, 2004
AR2EO6H1187B9A3B92, TRBFNYS128EF3412E8, 128.54812, 2007
AR6XZ861187FB4CECD, TRBFNMW12903CBF3CE, 130.95138, 1964
ARHNCQ31187B9915DC, TRBFNDW128F9359ECE, 198.76526, 1966
ARDIBRT1187B9AF176, TRBFNSL128F42776F9, 145.05751, 1970
ARS1OWB1187B99EEAD, TRBFNEE128F425C676, 344.45016, 1974
AR5WPYF1187B9B40DA, TRBFSKB128F145C5B1, 343.562, 2004
AR3PDNJ1187B9AF3F0, TRBFSNP128F14572B5, 229.642, 1988
ARG4KW31187FB51B7C, TRBFFZN12903D08332, 203.31057, 1972
ARY02GH1187B99B223, TRBFFNE128F92F6001, 273.34485, 2007
ARNUIBF1187FB4A28F, TRBFFSS128F932F5D4, 283.74159, 1998
ART5IUL1187B9B0143, TRBFFIF128F4233A62, 218.40934, 1996
AR8PL5L1187FB37A10, TRBFFKN128F422F3CC, 229.79873, 2007
ARXI7WU1187FB4D75E, TRBFDOH128F933797E, 336.32608, 2003
ARIH5GU1187FB4C958, TRBFEIX128F426A5F8, 209.00526, 1997
AR32ETX1187B9A792F, TRBFEYR128F427230E, 196.57098, 1990
AR2SMD91187B9B0582, TRBFLER128F148C52B, 196.10077, 1994
AR0AVIB1187FB37D01, TRBFLOH128F42630E3, 225.33179, 1995
ARCPY7O1187FB5C0B7, TRBFLFI128F427F374, 195.65669, 2004
ARZH0R61187FB422AE, TRBFLOA128E078FA6A, 175.38567, 2006
ARJ7KF01187B98D717, TRBFLIP128E07897B4, 295.67955, 2005
ARG1UAO1187FB55E50, TRBFLQW128F1483D44, 255.76444, 2004
ARKZ68G1187B98B189, TRBFLSD128F42A0F4C, 196.49261, 1983
ARVCCEM11F4C83DD74, TRBFPYV128F421FA78, 237.16526, 1993
ARSQW3I1187B9ACD14, TRBFPRL128F14569B9, 645.38077, 2000
AR858UO1187FB437B4, TRBFPRF128F92FB507, 154.30485, 2002
ARRNO111187B9B3FC9, TRBFPZP128F4260621, 21.39383, 1998
AR0V36F1187FB366B1, TRBFPVQ128F428B0D2, 185.86077, 1971
ARDVZTE1187FB5A0A1, TRBFWCC128F93017D3, 336.84853, 2002
ARZO73F1187FB4BF23, TRBFWSU12903CC36BE, 157.43955, 1967
AR6892W1187B9AC71B, TRBFWXD128E0780DBB, 237.94893, 1999
ARCYE581187B9A1482, TRBFWFX128E079531B, 232.38485, 2005
AR6EVQA1187B9AA1DF, TRBFZMK12903D0E7BE, 225.54077, 2008
ARLLUSZ1187B98ACDC, TRBFZRA128F427030C, 294.13832, 2001
AR0WGXC1187B9AAC99, TRBFGZZ128F426DE40, 84.47955, 1997
ARH09RT1187FB4A843, TRBFGFF12903CF4183, 164.33587, 2000
AR40GSU1187FB3AA01, TRBFGDW128F4261FA6, 224.57424, 1984
ARJTX7M1187FB4CED3, TRBFTJP128F426AC3F, 285.1522, 1975
AR1OBRC1187FB59AD4, TRBFKMN128F4286D1B, 146.46812, 2000
ARJR7S11187FB36A2A, TRBFKOK128F42662E6, 145.08363, 2007
ARQRQRA12131B4B5A8, TRBFKVH128F4262579, 91.32363, 2001
ARJ1YJV1187B9955DA, TRBFKON128F4296A52, 230.5824, 2008
ARNF6401187FB57032, TRBFKHT128F427215E, 316.76036, 1992
ARUSOMY1187FB4D3B4, TRBFQTF128F933EDCA, 188.55138, 2009
ARPKATM1187B9B76E6, TRBFQQY128F4249C56, 209.05751, 2006
ARGY9FW1187B991C7D, TRBFQHY128F4242356, 251.61098, 1990
ARINEWW1187FB5577E, TRBFQII128F930D519, 119.64036, 1988
AR5BLB01187FB57E99, TRBFUDB128F429C1B8, 347.79383, 2006
ARCJKV91187FB46210, TRBFURI128F1455498, 216.5024, 2004
AR04KTB1187B99B6B7, TRBFUNY128C7196B7D, 241.52771, 1992
ARBFQ7L1187B9ACD48, TRBFUMI128F42B5731, 170.89261, 1985
AR9W3X91187FB3994C, TRBFVZI128F147FCAF, 346.5922, 1993
ARN2ZKL1187FB3972B, TRBFVEP128F42621E3, 188.21179, 2000
ARAXU5Z1187B98FECD, TRBFVMO128F14537D3, 219.37587, 2005
ARQDYV0119B866800F, TRBFVDB128F423EA48, 233.27302, 2003
AR82DJK1187B991107, TRBDCAH128EF362D31, 303.46404, 1993
AR1JD6E1187FB5696C, TRBDJUQ128F148C4A5, 260.12689, 1967
ARQY95Q1187FB3E53A, TRBDJNF12903CE6967, 232.6722, 2010
AR6HFW21187B9A8922, TRBDJNN12903D05054, 57.18159, 2008
AR5OH2Z1187B9A46A9, TRBDJUT128F9352FB1, 300.77342, 1990
ARPVMJZ1187FB48D2D, TRBDJWO128F427218D, 250.06975, 2001
ARCP94M1187B9B0F56, TRBDIZG12903CD68A3, 124.13342, 2009
ART7R7N1187B9B999C, TRBDITJ128F145998C, 237.34812, 2002
ARODFDS1187FB57348, TRBDIMX128F147A307, 322.11546, 2006
ARPCEWC11F4C83EEA7, TRBDIKL128F42649B0, 392.85506, 1973
ARJRQL51187FB541AB, TRBDIPI128F4279185, 182.41261, 1982
ARF5M7Q1187FB501E8, TRBDIOP128EF35F99C, 270.70649, 2002
ARNHMFD1187FB3B3F6, TRBDIEV128F147097A, 232.14975, 2000
AR7TTS41187B9B42D3, TRBDHSQ12903CDB3E8, 196.88444, 2001
ARKU3Z61187FB51DCA, TRBDHKL128F426BE45, 213.26322, 2007
ARV91AY1187FB52E52, TRBDHUR128F423EC48, 311.19628, 1996
ARWIN9D1187B98E544, TRBDHDP128F422931B, 154.8273, 1985
AR9XPQF1187FB5A693, TRBDHYG12903CE49CC, 147.33016, 1967
AR7CCCC1187FB578FF, TRBDHUE128F9317991, 148.06159, 1959
ARO81XD1187FB38096, TRBDXOD128F422C47B, 1.2273, 1981
ARKJJZN1187B9AFC88, TRBDXLZ12903CC8988, 17.73669, 2000
ARLLUSZ1187B98ACDC, TRBDXOG128F427031F, 33.09669, 2001
ARXPPEY1187FB51DF4, TRBDXIM128F427ABDA, 289.38404, 2001
ARZRR0M1187FB3EE0A, TRBDXIX128F93256CB, 214.83057, 2009
ARPWZPV1187FB51DCF, TRBDXDO128F14A1CD1, 82.31138, 2006
ART1R9I1187B9B3324, TRBDXQL128F424392E, 242.12853, 1993
ARNWZ1N1187B9B71BA, TRBDOGK128F42372FD, 384.70485, 2004
ARKSZW81187B9B695D, TRBDOFA128F427C09D, 652.40771, 1993
ARLSF8H1187B9A76B0, TRBDOGI128F4252243, 331.04934, 1996
ARDNW1B1187FB4ABBB, TRBDOAR128F42618B7, 274.25914, 2003
AR9G2A41187B99951A, TRBDOEI128F9329AE5, 217.62567, 2003
ARR2BHS1187B9B8FA7, TRBDOMM12903CA0A9B, 212.13995, 1970
AR2VJMU1187B9947AF, TRBDMAU128F935960B, 149.62893, 1999
AR9C8IE1187B9ACC99, TRBDMDS128F930B8F1, 217.59955, 2001
ARYFXQ21187FB4DAEF, TRBDMVQ128F9327FBD, 282.20036, 2001
AREN1A11187FB527EF, TRBDMCC128F9358267, 239.20281, 1998
ARFQ7RR1187FB3CC0A, TRBDMJP128F146E512, 263.31383, 2001
AR9W3X91187FB3994C, TRBDMIN128F147FCBB, 285.98812, 1985
ARDZRMF122988F7633, TRBDMZP128F93499E4, 210.31138, 2007
AR1HK7B1187FB55747, TRBDRCK128F92F738B, 293.38077, 2001
AR7NNKG1187FB4AA1C, TRBDROB128F93093CA, 300.14649, 1983
AR4WHYC1187B9896E7, TRBDRIT128F42929A1, 215.27465, 1996
AR8LD3R1187FB4D08F, TRBDRBO128F9313A38, 272.95302, 2004
ARLF0QY1187FB4FDCC, TRBDREO128F427F114, 206.18404, 1990
ARQ6QOK1187B9B0A2E, TRBDRSG128F92D2583, 164.20526, 2003
ARXAHU31187B9B1520, TRBDRUE12903CD596D, 243.25179, 2010
ARNDL191187FB51583, TRBDRTN12903D021D9, 228.91057, 2010
AR08GQF1187B98E316, TRBDRIR128F4241358, 267.78077, 2006
ARAMIDF1187FB3D8D4, TRBDRIN128F9308ABF, 267.31057, 1998
AR16GSC1187B9A6291, TRBDYEF128F423DC43, 240.97914, 1974
ARRI5MR1187FB47CAB, TRBDYFY128F93330AA, 451.29098, 2008
AR0WGXC1187B9AAC99, TRBDYIC128F92F1D17, 225.48853, 2000
AR25WM21187FB461B3, TRBDYIF128F4294F19, 155.16689, 1970
AR7PPJV1187FB397CC, TRBDYYN128F92F383F, 198.3473, 2007
ARDVZTE1187FB5A0A1, TRBDAVU128F423814A, 318.09261, 2008
AR6GR981187FB5184A, TRBDAXF128F92F6565, 64.65261, 2009
ARR6LWJ1187FB44C8B, TRBDANT128E0782452, 340.11383, 1982
ARL43EQ1187FB4D5EC, TRBDBKZ128F425D023, 23.87546, 2008
AR13CXU1187B9AD30A, TRBDBGX128F92F3BC9, 227.57832, 1979
ARTSGR41187B9912C6, TRBDBVM128F427BCC9, 276.71465, 1992
ARO9XCZ1187B99C255, TRBDBXO128F42B3E45, 201.22077, 2003
ARBOG0H1187B99F775, TRBDBJM128F1456D2D, 215.24853, 1995
ARRH63Y1187FB47783, TRBDBIU128E0791595, 31.37261, 2005
AR46CAD1187FB4D84B, TRBDBWW128F426D386, 141.19138, 1995
AR58SJE1187B9A8E4C, TRBDNSH12903C924BF, 169.22077, 1991
AR81BPV1187B9AED0E, TRBDNNY128F147C34C, 223.37261, 2003
ARZFRQM1187B9A9772, TRBDNXF12903D07824, 179.93098, 1996
AR14CJ91187FB3A994, TRBDNGV128F42895AE, 128.96608, 1967
ARJVTRE1187B9959C0, TRBDNZI128F14A9065, 208.66567, 1983
ARN03F71187FB4E3F4, TRBDNGV128EF3431B5, 232.28036, 2006
AR8CT8U1187FB4D803, TRBDNIZ128E0781CCF, 157.75302, 1980
ARMG34A1187FB548A8, TRBDNDG128E0782EDC, 223.45098, 1982
AR3ZV061187FB3C821, TRBDNKA128F9306B3C, 251.92444, 2008
ARLOIDN1187B9B060D, TRBDNDV12903CE9E28, 237.08689, 2009
ARAEX7Y1187FB42D36, TRBDSLA128F4288246, 267.2322, 1993
AR4YY6D1187B9AEC44, TRBDSQE128E079325F, 384.7571, 1970
ARAPH9U1187B9B34F0, TRBDSWA128F92FE70A, 186.3571, 1986
AR0U44O1187B99007C, TRBDSXN128F4293DA9, 264.22812, 1998
ARGF5QG1187B9AC84F, TRBDSPX12903CFA94C, 365.60934, 2001
ARN7POH1187B9B301E, TRBDSGK128F92F2C59, 258.76853, 2003
ARPGTHP1187B9AC284, TRBDSFP128E07937B9, 243.9571, 1991
ARLYOE51187FB36902, TRBDSNM128F930A19E, 237.53098, 1975
AR1J7881187B9959D8, TRBDFUU128F92EF5BC, 283.48036, 2005
AROY6XW1187B991121, TRBDFJX128F92C2847, 69.90322, 2007
ARMB95F1187B9B5B93, TRBDFMM128F42A63D0, 212.79302, 2006
AR189B91187B9B8D9C, TRBDDMU128F9350474, 333.19138, 2006
ARO2U2Q119B86692A8, TRBDDKF128F426BF7B, 281.18159, 2008
AR0CDSK1187FB52ED6, TRBDDRB12903D133C5, 399.04608, 1988
ARUZRFN1187B98AC05, TRBDENB128F42B7798, 266.05669, 2000
ARNI8K81187FB423C7, TRBDETQ128F14B0CDD, 190.79791, 2004
ARKLA8V1187B999B68, TRBDEXM128F4291A7F, 269.71383, 2007
ARPGYM11187FB4B1E1, TRBDENV12903CC4FDA, 221.77914, 1999
ARKT5SH1187B9AE8BF, TRBDEKV128F426BDAF, 147.51302, 2002
ARB0WNP1187B9AC4AB, TRBDLDS128F429C171, 247.01342, 2005
AR63RWN1187FB3E89A, TRBDLIB128F9338167, 162.45506, 1998
ARGBR4I1187B99D073, TRBDLXE128F9310E95, 519.13098, 1998
AR1DGSO1187FB59B15, TRBDPHY128F4218493, 146.1024, 2005
ARYXJ5A1187B9B9E56, TRBDPRV128F9306A7E, 192.1824, 2009
AR8OSA91187B9B9BA2, TRBDPDP128F92E58C9, 240.40444, 2004
ARW1MUW1187FB4D5A1, TRBDWDQ128F1455787, 232.07138, 2002
ARVZDOM1187B9B49C9, TRBDWLE128F42B3112, 209.13587, 1976
ARVSDB11187FB4270B, TRBDWBW128F932C973, 147.69587, 1967
ART3O5Z1187B9AB043, TRBDWRY128F427991E, 551.91465, 2005
AR4ZLZI1187B9B72D0, TRBDZES128F424080B, 259.23873, 1998
AR567PN1187FB4B4F2, TRBDZBH12903CE85E4, 206.57587, 2006
AR8B1WY1187FB38366, TRBDZVP12903CC0089, 291.97016, 2009
AR6UVLC1187B9B4D4C, TRBDGQU128F146607A, 301.21751, 1995
AR13CXU1187B9AD30A, TRBDGXH128F92E1661, 140.77342, 1977
ARRM70G1187B9A7F64, TRBDGEW128F93333E0, 294.76526, 1997
ARBNXYA1187FB51C50, TRBDGNU128E078A4AF, 199.47057, 2004
ARL3VGT1187FB40E8E, TRBDGLL128F9343CD1, 137.06404, 1990
ARZ96PB1187B98F5C9, TRBDTZX128F92DFA66, 223.89506, 2009
AR0JVUH1187B9918B5, TRBDTFI12903CFC3F1, 230.3473, 2000
ARD8JVH1187FB4DA04, TRBDTNY128F9327A10, 253.02159, 1979
ARWI6LR1187FB46E9F, TRBDTWR128F149E9B7, 190.74567, 1999
ARYG6CU1187FB3852B, TRBDKQI128F1465028, 202.10893, 2003
ARO5T1P1187B9AC680, TRBDKOV128F4290943, 211.66975, 1974
ARV6QHT1187FB5537A, TRBDKQX12903CAE132, 188.65587, 2001
ARUTS6Y1187FB5BDAB, TRBDQHA128F426EB28, 202.70975, 2001
AR243ZT1187B9A98D2, TRBDQIR12903CF0C9C, 283.29751, 1989
ARM4J201187B9B8B3B, TRBDQUL128F14933F1, 117.18485, 2006
ARS0W831187B9AF0B7, TRBDUSM128F9339A13, 295.60118, 2001
ARHIC3Q1187B9B1773, TRBDUAZ128F92D718A, 190.82404, 2001
AR76YOD1187FB46B24, TRBDUXF128F4232689, 229.53751, 1994
ARRWAD71187FB3FE44, TRBDUMD128F9327534, 287.08526, 2009
ARAFRFP1187FB4230B, TRBDUWE128EF3583EA, 223.81669, 2005
ARELMNO1187FB52929, TRBDUYE12903CB246F, 279.90159, 2003
ARZ8IPU1187FB38846, TRBDVCW128F427C875, 71.88853, 2008
ARN5NHX1187FB4F755, TRBDVJF128E078894B, 399.98649, 2001
ARRHVGT1187B98D603, TRBDVVN128F4285CC6, 152.92036, 2000
ARDBFT21187B98E524, TRBDVBK128F4263798, 122.72281, 1993
ARB336A1187B9A4583, TRBDVLN128E078C6FB, 381.30893, 1971
AR49IQD1187FB37EA7, TRBDVVT128F4279D11, 252.99546, 1996
ARKSZW81187B9B695D, TRBECNW128F426BE82, 273.52771, 2008
AR2FSX31187B98E3EF, TRBECBM128F426AA34, 295.33995, 1999
AR49A9P1187FB3BBBF, TRBECAL128F4270F27, 368.1171, 1993
AROLNOH1187FB39845, TRBECKU128F428B08A, 228.44036, 2001
ARW0YFZ1187FB442DB, TRBECGH12903CC2304, 239.0722, 2010
ARUP17W1187B98CAB9, TRBEJDZ128F92D02F8, 348.21179, 1997
ARZ0LFY1187FB4FE17, TRBEJFD128F93222D8, 70.03383, 2002
AR0V36F1187FB366B1, TRBEJKS128F426D823, 217.25995, 1980
ARIW1BH1187FB4C94A, TRBEISL128F931B107, 210.49424, 2007
AR37XMN1187B9AC408, TRBEIKK128F14628D6, 241.24036, 2001
ARAPH9U1187B9B34F0, TRBEIAM12903CF4476, 176.43057, 1996
ARG09R51187FB4D5C2, TRBEIBI12903CBD2B6, 166.24281, 1999
ARJ8PZJ1187B99314F, TRBEIRT128F42A6680, 206.8371, 2007
ARVN9FZ1187FB393F1, TRBEIVC128F9320E95, 217.57342, 2006
ARTBFV61187FB3C250, TRBEIYU128F92E88A9, 123.402, 1996
AR11NP91187B9901B4, TRBEIBI12903CC4C7B, 295.13098, 1982
ARSFVDS1187B990F14, TRBEHBS128F4233471, 213.7073, 2000
ARJTX7M1187FB4CED3, TRBEHFA128F145B3DA, 221.93587, 1991
AROY6XW1187B991121, TRBEHEY128F92C2852, 305.94567, 1984
ARK0BT61187B9ACEC2, TRBEHNT128E0792546, 289.12281, 2000
ARCYE581187B9A1482, TRBEXHF128F4266092, 333.87057, 2002
ARIDQH31187B9ACB84, TRBEXJN128F42B18D6, 208.40444, 2007
ARBAW9R1187B98FB6B, TRBEXUF128F92DF175, 341.41995, 2008
ARXAHU31187B9B1520, TRBEOUT12903CD5981, 295.49669, 2010
ARSHZBZ1187B98A445, TRBEOUP12903CF652E, 372.76689, 2006
ARZQ6SW1187B9AD3E2, TRBEOYQ128F42955C3, 213.55057, 2005
ARTHIJ41187FB57411, TRBEORE128F92E8476, 262.45179, 2007
ARYC2P31187B9B9AB7, TRBEOOD128E0795C84, 254.53669, 1999
ARNG61X1187B98C7DF, TRBEONX128E0788D2B, 176.40444, 2005
AR9C8IE1187B9ACC99, TRBEOSC128F426AB23, 160.49587, 1996
ARVJVFF1187B9B40D6, TRBEOCF128F426BFDC, 291.02975, 1980
ARFFDZU1187FB50682, TRBEMTB128F14ACBDF, 77.60934, 1990
AR0SY101187B9B44BE, TRBEMTF128F42660CA, 200.07138, 1995
AR5O6W51187FB46984, TRBEMJC128F14A6E0D, 315.03628, 1994
ARGBG2T1187B9B1670, TRBEROX128F4270745, 220.78649, 2002
AR1M7ZD1187B9B0D55, TRBERHG128F933AC46, 225.04444, 2005
ARK9W051187FB4B783, TRBERLZ12903CC4747, 210.93832, 2006
ARSX3I61187B98FAC7, TRBERGT128F42A009F, 176.32608, 2005
AR90X8J1187B995250, TRBERCZ128E0787D93, 218.40934, 1999
AR0B8CT1187B9B2CF3, TRBEYAK128F9334433, 217.25995, 2005
ARAEX7Y1187FB42D36, TRBEYJR128F4292651, 249.18159, 2002
ARC8S7S1187B98D50B, TRBEYTH128F9309622, 301.50485, 1999
ARAMIDF1187FB3D8D4, TRBEYEO128F9308A8D, 232.48934, 1984
AROLNOH1187FB39845, TRBEYDS128F148C563, 198.63465, 1993
ARDNS031187B9924F0, TRBEYXK128F427E125, 166.84363, 2005
ARO5P0H1187FB5BAD7, TRBEYVD12903CE3DE9, 264.59383, 2007
ARWI6LR1187FB46E9F, TRBEYPA128F933197C, 196.25751, 1992
ARZBYDY1187FB46DD7, TRBEAZN128F14858B3, 210.18077, 2003
AR0S7TA1187FB4D024, TRBEAMO128F425B75F, 229.53751, 2002
ARRJNTE1187FB44E12, TRBEAWP128F422B4D1, 47.46404, 2006
AR198711187B9AD09F, TRBEACH128EF341C45, 302.49751, 2007
ARDVZTE1187FB5A0A1, TRBEATE128E078F0D8, 302.28853, 1985
AR9G2A41187B99951A, TRBEAOU128E0798350, 183.48363, 2005
AR6I54S1187FB48C6B, TRBEBEZ128E0792F08, 191.39873, 1996
AR8W8DN1187FB35ED0, TRBEBNV128F423783D, 111.49016, 1993
AR219DK1187FB4CEFC, TRBEBYV128F14A0B65, 262.21669, 2004
ARWPYQI1187FB4D55A, TRBEBVZ128F425A660, 317.83138, 1991
ARNMWP51187FB3E963, TRBEBAS128F92EAC23, 348.60363, 1980
AR531IG1187FB59B35, TRBEBWN128F933D21F, 236.87791, 2007
ARKSZW81187B9B695D, TRBEBWG128F93214A4, 286.30159, 1997
AR3YBMD1187B99F15C, TRBENHU12903CB6830, 229.51138, 1982
ARD4C1I1187FB4B0C3, TRBENTT128E0781C26, 188.1073, 1972
ARYML1P1187B9AF39B, TRBENDH128F1467D62, 175.25506, 1993
ARONPP01187B995FB5, TRBESVW128F92F6960, 241.50159, 2007
ARR2BHS1187B9B8FA7, TRBESBZ12903CA0A95, 197.69424, 1990
AR9O0LF1187B99D0D1, TRBESDU128F4277813, 350.64118, 2005
ARODBRG1187FB3FD99, TRBESGH128E0788912, 202.05669, 1993
AREUYDJ1187B9BA040, TRBESWC128EF34B859, 222.32771, 2006
AR898OD1187B9A14BB, TRBESEX128F147BB13, 279.53587, 2006
ARYBP3U1187B9B3A4C, TRBEFAS128F4262569, 165.19791, 2005
ARK0BT61187B9ACEC2, TRBEFFG128E0793C24, 260.17914, 1998
AR6GJDZ1187B991E46, TRBEFFA128F930F017, 208.09098, 2007
AR4B3RX1187B9A868A, TRBEFQY128F932EE3F, 81.71057, 2008
AR59C6A1187B9B2143, TRBEDLE128F933039C, 137.29914, 1997
ARTYXQC1187B9ACAB2, TRBEDVH128F14599C7, 199.94077, 2002
AR37K6O1187B9AD049, TRBEDRW128F425F424, 171.62404, 1989
AR6BIWA1187B9ABAE8, TRBEEWS12903CD0B60, 210.54649, 2004
ARSG7NQ1187FB57482, TRBEEDK128F424D995, 203.54567, 2007
ARE0OLY1187B9AD19F, TRBEEMB128F9320082, 261.17179, 2002
ARWV0Q11187FB4CDCE, TRBEELS128F42B63A8, 344.05832, 1992
ARB29H41187B98F0EF, TRBELYI128F147E20B, 315.08853, 1998
AR2O84Q1187FB5BF74, TRBEWTY12903CB4779, 218.80118, 2008
AR06EB01187FB40150, TRBEWCS128F428BA34, 108.12036, 2001
AR1Y2PT1187FB5B9CE, TRBEZUP128F9331747, 246.69995, 1999
ARHL8SP1187B98F8A3, TRBEZEM128F92F135A, 175.41179, 1997
AROKAO61187FB38105, TRBEGQC12903CAB228, 393.84771, 2010
ARPLE851187B9B2B7C, TRBEGWL128F423F4F1, 443.37587, 2001
ARSW5F51187FB4CFC9, TRBEGHL128F92F76E8, 223.26812, 1992
ARWOGTM11F4C83E795, TRBEGMG128F92FD7C4, 208.16934, 2004
AREENKN1187B98F35D, TRBEGJR128F4275E2E, 121.73016, 2000
AR62SOJ1187FB47BB5, TRBEGMU128F9325473, 398.54975, 2005
AR7ISJJ1187B9B2CD6, TRBETRA128F9327DC6, 160.46975, 2005
ARNTTHK1187B98FF64, TRBETHV128F429722F, 208.92689, 2003
AREOGMA1187B9908EF, TRBETVK128F4288B49, 304.45669, 1970
ARM7EDF1187B9B3FA1, TRBEKMX128F92D7B75, 445.17832, 1987
AR5AXVN1187B9A2761, TRBEKLP128F92FB2BD, 225.72363, 1999
ARNHJHU1187B98F79C, TRBEKDE128F92E7486, 207.77751, 1999
ARQOATR1187B9AE959, TRBEKGR128F425DA44, 327.1571, 2003
ARFH6FT1187FB5BF47, TRBEQFT128F4238A28, 208.50893, 2001
AR6F6I21187FB5A3AA, TRBEQZJ128F9300B50, 310.80444, 2003
ARSL3N21187B98DFC5, TRBEQFT128F146BD6D, 128.62649, 2003
ARHNCQ31187B9915DC, TRBEUKI128F9318306, 238.94159, 1967
ARSE6YI1187B9B9CD2, TRBEUMG128F422305C, 180.89751, 2008
ARAAP251187B99DDE0, TRBEVZN128F9330A0D, 265.29914, 2000
ARNRPI31187B9AC699, TRBEVTM128F92FE2B2, 357.642, 1997
ARDK0551187FB5AC48, TRBEVII12903CA1A06, 198.00771, 1991
AR4L4WQ1187FB51996, TRBGCAK128F425F3CC, 225.09669, 1996
AR8SBT41187B9A5FD9, TRBGCWM12903CF5BF7, 132.17914, 2007
AR7G5I41187FB4CE6C, TRBGCUP12903CCFE38, 226.5073, 1998
AR9W3X91187FB3994C, TRBGCLK128F4237A50, 392.82893, 2002
ARDMPZU1187B99A472, TRBGJMS12903CE5583, 247.74485, 1980
ARFN4JN1187B98C627, TRBGJZN12903D0D2FC, 501.86404, 2004
ARWNGWU124207838D7, TRBGJIZ128F92E42BC, 229.56363, 1972
AR52EZT1187B9900BF, TRBGJDW128F4292EDB, 255.99955, 2003
ARH6W4X1187B99274F, TRBGIZH128F4252D9E, 198.47791, 2003
AR2OPWW1187B9A5057, TRBGIDU128F4241A2E, 202.00444, 2007
ARODHHS1187FB37814, TRBGISL128F9342049, 237.11302, 2009
AR60KPK1187B9A7552, TRBGITG128F422F3FB, 275.9571, 2007
AR8L3QV1187FB4C0BB, TRBGIKK128EF35DF32, 291.082, 1991
ART4QZC1187FB51612, TRBGIAQ128F1483BFE, 257.14893, 2004
AR01IP11187B9AF5D2, TRBGHBW12903CDCF83, 44.30322, 2008
ARXSABR11E8A2E29BF, TRBGHYG12903CEAC9C, 182.83057, 2009
AR61JEC1187FB54A9F, TRBGHKE128F9343BDD, 253.98812, 1994
ARF1Q9B1187B9ADCC7, TRBGHJG128F428ADB4, 246.80444, 1999
AREHK7O1187B9ADDD7, TRBGHRA128F42B90E6, 274.05016, 1998
AR7NNKG1187FB4AA1C, TRBGHVM128F146B47A, 162.71628, 2003
AR5MK521187B98E0B8, TRBGHHB128F1487CD2, 311.43138, 1981
ARX83ZF1187FB3B66A, TRBGXTS128F9308E62, 176.97914, 1996
ARA65601187FB57BD9, TRBGXQP128F4290B22, 589.87057, 2006
AROI96Z1187B9A5304, TRBGXTO128F9307677, 211.90485, 2006
ARC3WPR1187B9A183E, TRBGXJO12903CE888B, 222.24934, 2004
AR2S4CA1187B99632E, TRBGXHJ128F93302C7, 218.22649, 2005
AROC6N61187FB40B14, TRBGXCK12903CEFAE3, 223.73832, 2001
ARF3L8J1187B9B7866, TRBGOPC128F4231959, 568.78975, 1998
ART4QZC1187FB51612, TRBGOAU128F4255BDA, 232.202, 1993
AR3YJMO11C8A42B348, TRBGOWY12903D0E2A0, 379.29751, 2007
ARW45YR1187FB3DE95, TRBGMAZ12903CC3707, 143.46404, 1994
ARX9YIP1187B98A656, TRBGMUA128F92E9A1C, 266.21342, 1985
ARV1ALU1187FB4D77E, TRBGMWQ12903CC23CD, 171.12771, 1997
ARRBF3M1187FB4D59F, TRBGMJF128F425E8EA, 277.28934, 2002
ARXGASQ1187FB3C727, TRBGMXY128F92FC2B2, 267.17995, 2009
AR6IJJ41187B98C872, TRBGMJD128F4266852, 187.97669, 1996
AR7AOEJ1187FB3D279, TRBGMWD12903D0F674, 175.82975, 1994
ARQ3VBJ1187FB3FE55, TRBGMHU128EF356CB8, 227.99628, 2007
AROBHK51187B9AD82B, TRBGMOG128F92D75BD, 205.16526, 2008
AR7MNIX1187B9A2A68, TRBGRWH128F92E3551, 204.59057, 2005
AR9RTS51187B996CC8, TRBGRGB128F4289283, 216.21506, 1995
AR9W3X91187FB3994C, TRBGRIP128F147FCA6, 343.43138, 1993
ARSHZBZ1187B98A445, TRBGRVF12903C9F806, 356.04853, 2009
AR82DJK1187B991107, TRBGRQE128F9353A29, 247.11791, 2004
ARKJKVO1187FB49D0A, TRBGRSI128F92C9D4E, 136.98567, 2008
ARXBOZ01187FB38261, TRBGRXO128F4282115, 277.002, 2003
ARV2X851187FB41A78, TRBGRGT12903CC5019, 278.56934, 2000
ARSSR8L1187B990BC5, TRBGYVK128F426A0D6, 535.69261, 2005
AR7LIU31187B98EF11, TRBGYBT128F428C80B, 252.682, 1992
ARNLW7H1187B99EC9D, TRBGYQN128F42BAA17, 266.78812, 2005
AR6I54S1187FB48C6B, TRBGYDZ12903D075D4, 256.39138, 2010
ARSRCI71187FB59188, TRBGAXJ12903CB10B1, 179.98322, 2004
ARYXOV81187B99831D, TRBGAWQ128F9305F25, 265.82159, 2009
AR7C6G11187B9B4C1E, TRBGASN128F427BF8F, 224.39138, 2002
ARD0FN11187B9B25CD, TRBGAVN128F424142C, 155.6371, 2003
ARF1NWV1187FB39A97, TRBGACK12903CD5CF5, 237.71383, 2009
ARB0WNP1187B9AC4AB, TRBGBIK128F4294A67, 237.19138, 2004
ARRJNTE1187FB44E12, TRBGBUY128F422B413, 188.94322, 2003
AR3NPVS1187FB5108F, TRBGBGH128F14A23E5, 297.45587, 1999
AR6CLFP1187B9ACB94, TRBGBQC12903CD7B4F, 296.54159, 1982
ARMH10M1187FB4184F, TRBGBGO128F4264203, 278.12526, 1992
ARIFK6X1187B9ADA44, TRBGBWK128F4292BDC, 384.60036, 1992
ARFZNR41187B990AF7, TRBGNHU128F4220469, 246.04689, 1994
AROSW2I1187FB44866, TRBGNLU128F4221FF2, 264.07138, 2000
ARLE1JH1187B9B630B, TRBGNAF128F4253180, 87.45751, 1993
AR1ZYLH1187B98C159, TRBGNUG128F92D43E2, 236.95628, 1999
AR46CAD1187FB4D84B, TRBGNQC128F428A9D1, 169.87383, 2002
AR69GPS1187B99E556, TRBGNAF128F9339532, 127.05914, 1987
ARVBRGZ1187FB4675A, TRBGNCL128F428F56F, 294.19057, 2006
ARYJA8S1187B9AA816, TRBGNLG128F930F891, 131.68281, 2006
ARTH9041187FB43E1F, TRBGNPE128E078EC14, 242.62485, 1998
AR9YV621187B99373E, TRBGNPH128F14AD17E, 256.39138, 2004
ARSQDUN1187B98D7D7, TRBGNNC128F148D427, 188.31628, 1990
ARYV1OT1187B9B4C8E, TRBGNGY128F14738B8, 161.88036, 1975
ARNRPI31187B9AC699, TRBGSCR128F92FE2AE, 341.08036, 1995
ARS4KT21187B9B9438, TRBGSAQ128F1470B41, 284.26404, 1990
ARZCNRW11F50C4A630, TRBGSJX128F92F863D, 1023.86893, 1968
ARW9DSD1187B9A0345, TRBGSMY128F428D6BE, 215.32689, 2001
AR8IEZO1187B99055E, TRBGFOD128F423F43E, 81.18812, 2008
AR6IJJ41187B98C872, TRBGFAX128F4275F56, 182.80444, 1999
AR1ABAO1187FB531E1, TRBGFUW12903CA0E6B, 210.54649, 1982
ARQB8PN1187B98E6C4, TRBGDCN12903CB8D6C, 513.61914, 1995
AROVJWM1187B98E649, TRBGDSJ128F931BB2B, 163.10812, 2009
AR3C3C01187B98E800, TRBGDND128F9312B81, 212.92363, 1961
ARXVADV12086C1203C, TRBGDQS128F9341414, 217.86077, 2009
AR6CFZ71187B99AE5B, TRBGDXT128F1487E86, 207.12444, 2006
AROBHK51187B9AD82B, TRBGDLJ128F428C6AA, 228.64934, 2007
AR1CD5Z1187B98F2C2, TRBGDOU128F93341A2, 338.02404, 1979
AR6AGJV1187FB504BA, TRBGEGG12903CDD71F, 173.45261, 1983
AR2O3B51187B98CD94, TRBGEGB128F9345BD0, 248.2673, 1998
ARY80281187FB3E380, TRBGEUJ128F42B06B8, 425.19465, 2006
ARA7YDA1187B9A5776, TRBGELM128F424EDA2, 175.41179, 1991
ARZENOX1187B98A645, TRBGEHK12903CEEFC0, 38.3473, 1976
AR1OBRC1187FB59AD4, TRBGEZA128F4286D23, 209.05751, 2000
ARVZWQ31187B9B8946, TRBGLRU128F42A1F00, 265.09016, 2007
ARZ96PB1187B98F5C9, TRBGLRQ12903CA86EE, 191.81669, 2006
ARMDBW21187FB37126, TRBGLSW12903CE3D8A, 190.17098, 1987
ARP06GY1187B98B0F0, TRBGLST128F934DAF2, 219.402, 2000
ARWF1KM1187B9908CA, TRBGLCC128F427FE7D, 264.41098, 1982
ARJ9DSA1187B990E00, TRBGLQN128F92E2637, 262.79138, 2002
ARXSABJ1187FB3C336, TRBGLFD12903CD3D43, 188.26404, 2010
AREMOC71187B996C2F, TRBGLAD128F9343692, 229.72036, 2009
AREN1A11187FB527EF, TRBGPWE128F421CCB4, 277.55057, 2003
ARE2QID1187B98FA19, TRBGPAX12903CEC037, 188.26404, 1935
AR7LIU31187B98EF11, TRBGPXH128F428C912, 228.38812, 2006
ARA8O8L1187B9AD61D, TRBGPGF128F4259319, 242.31138, 1985
ARNDB1X1187B990AA0, TRBGPCC128F428FF02, 167.78404, 1987
AR12F2S1187FB56EEF, TRBGPJP128E078ED20, 318.61506, 1993
ARS03Y81187B98E6ED, TRBGWGD128F42418B2, 198.05995, 2005
ARI648V1187B9B5379, TRBGWQG128F92FB42D, 335.09832, 1982
AR633SY1187B9AC3B9, TRBGWWM12903CCE627, 172.14649, 2004
ARW74FW1187FB554AD, TRBGWVU12903CBFBB6, 193.69751, 2005
AR1NJEP1187FB4F4C1, TRBGWVI128E0788AE7, 317.46567, 2004
ARI7DOB1187FB37AA4, TRBGZKO128F92DB016, 247.97995, 2008
ARG8DXO1187B9AF743, TRBGZLM128F4221E63, 82.65098, 1995
ARG4KW31187FB51B7C, TRBGZUR128F92FD8ED, 249.93914, 2005
ARTJ9GZ1187B9B46DE, TRBGZBM128F14928A3, 243.66975, 1970
ARXHWL31187FB476F4, TRBGZYP128F4222C37, 163.86567, 2001
AR0X3JJ1187FB3A9A7, TRBGZRQ12903CFAAA4, 150.282, 1995
AR7IYVY1187B9A2648, TRBGGBF128F425E4D1, 78.49751, 1996
ARWV0Q11187FB4CDCE, TRBGGYE128F42B63AB, 386.79465, 1992
ARN0DMU1187FB5B63A, TRBGGWQ128F42A88CF, 216.34567, 1976
ARKVD621187B9B95FC, TRBGGOS128F9307FC5, 250.77506, 2002
ARWRS4D1187FB3FCD4, TRBGGRK128F422CA7F, 67.3171, 1995
ARN2ZKL1187FB3972B, TRBGGFE128E0785AC0, 129.59302, 2003
ARCZN5K1187FB42CF8, TRBGTPL128E0783C11, 199.36608, 2004
AR2HXXS1187B9AF3E2, TRBGTZD128EF34B6C3, 201.16853, 1990
AR6F6I21187FB5A3AA, TRBGTPK128F429E5D5, 236.64281, 2001
ARGPFYP1187B98F5CB, TRBGKJU128E079851F, 282.33098, 1995
AREFFEC1187B98E12F, TRBGKHZ128F931C32E, 299.49342, 2006
AR6GSIE1187B98C3C7, TRBGKZD12903D13D23, 128.26077, 1963
ARTKTYG1187FB40CBA, TRBGKTM128F9315B5E, 221.98812, 2006
ARVLIVA1187B991590, TRBGKGR128F92EE206, 364.72118, 2002
ARPUBU61187B98A4E6, TRBGKOU128F148C6C6, 193.12281, 1970
ARLWDC31187B9B4D71, TRBGKBZ128F931569B, 174.28853, 2006
ARSS4Y41187B9B0AC6, TRBGKMB128F146E125, 151.43138, 2005
AR8FMEN1187FB4A657, TRBGKRS128F934AC0A, 232.98567, 1985
ARE0OLY1187B9AD19F, TRBGQFF128F42BAE97, 238.52363, 2008
ARLE1JH1187B9B630B, TRBGQWH128F933C413, 63.63383, 1994
ARE8GLF1187FB52532, TRBGQAB128E07877E4, 269.34812, 1999
ARGVJPK1187B9909EA, TRBGQAO128EF35A1AD, 152.0322, 2006
ARCID1N1187FB51DA0, TRBGUPV128F427BCBA, 213.89016, 2003
AR3FE581187FB3F90A, TRBGUTI128E07872F0, 319.92118, 2004
ARMSL551187FB3F4B0, TRBGUHX128F4279757, 183.09179, 1998
ARJA1841187FB3A029, TRBGUUE128F1494FB6, 243.06893, 1982
ARD3LXU1187B9ABFC5, TRBGUSS128F92F94BB, 190.74567, 1977
ARH4N0N1187FB3E1F1, TRBGURA128F9316E7E, 430.94159, 2007
AR10USD1187B99F3F1, TRBGULP128F422F290, 208.16934, 2005
AR1PNWN1187FB4A404, TRBGUUF128F9334B97, 271.64689, 2006
AR8OA0X1187FB4FE50, TRBGVOJ12903CDA92E, 177.50159, 1970
AR9A5TK1187B9AD07F, TRBGVSE128EF3686B6, 61.83138, 1989
ARY02GH1187B99B223, TRBGVWB12903CE31A6, 256.73098, 2009
